"SiteId","SiteName","SiteUrl","PageCount","MaxDepth","ErrorPages","EmbedCount","PagesWithEmbeds","ExternalDomainCount","PermissionRows","PublicPermissionRows","DomainPermissionRows","GroupPermissionRows","UserPermissionRows","ExternalPrincipalRows","StructurePoints","EmbedPoints","SecurityPoints","TotalScore","Rating","Recommendation"
"1cNxDDhIHOHFY-MhxfbZnKvDvq1j5O94q","Untitled Site","https://sites.google.com/d/1cNxDDhIHOHFY-MhxfbZnKvDvq1j5O94q/edit","1","0","0","1","1","4","2","0","1","0","1","0","1","11","1","13","Low","Direct migration candidate"
"1QGyEQRnnP3RxSPTwf9Zz3WuLXm546dQe","testone — Converted from Classic Sites","https://sites.google.com/d/1QGyEQRnnP3RxSPTwf9Zz3WuLXm546dQe/edit","1","0","0","1","1","4","2","0","0","0","2","0","1","11","0","12","Low","Direct migration candidate"
"1bFQEeicgkKYZBnKtESQrmty0aH8AKEjB","Roche Template","https://sites.google.com/d/1bFQEeicgkKYZBnKtESQrmty0aH8AKEjB/edit","1","0","0","1","1","4","1","0","0","0","1","0","1","11","0","12","Low","Direct migration candidate"
"1wWZ-bZMXIkZNIjdrLxB95D8DO6glKMRy","test_new_site1","https://sites.google.com/d/1wWZ-bZMXIkZNIjdrLxB95D8DO6glKMRy/edit","1","0","0","1","1","4","2","0","0","0","2","0","1","11","0","12","Low","Direct migration candidate"
"1nW0vcqy5JppqzgmmYBFpP2OzkHcw13tk","Untitled site","https://sites.google.com/d/1nW0vcqy5JppqzgmmYBFpP2OzkHcw13tk/edit","1","0","0","1","1","4","2","0","1","0","1","0","1","11","1","13","Low","Direct migration candidate"
"1Jkr8wc6WJy_el_5SCEBacvEsw0Ahk1__","1a2s3d4f5g","https://sites.google.com/d/1Jkr8wc6WJy_el_5SCEBacvEsw0Ahk1__/edit","1","0","0","1","1","4","2","0","1","0","1","0","1","11","1","13","Low","Direct migration candidate"
"1qbTKoA-Ic3DcS7vQBHLRRzPi10cvZ0z9","Project","https://sites.google.com/d/1qbTKoA-Ic3DcS7vQBHLRRzPi10cvZ0z9/edit","1","0","0","1","1","4","2","0","1","0","1","0","1","11","1","13","Low","Direct migration candidate"
"1vqMWMhQNBQjcv0TJwxEvS-AM0rPIcCyd","test_site_Leno","https://sites.google.com/d/1vqMWMhQNBQjcv0TJwxEvS-AM0rPIcCyd/edit","1","0","0","1","1","4","1","0","0","0","1","0","1","11","0","12","Low","Direct migration candidate"
"16p5UjAv-C9tFe3-clyX1eTrySajkY6s2","Untitled site","https://sites.google.com/d/16p5UjAv-C9tFe3-clyX1eTrySajkY6s2/edit","1","0","0","1","1","4","2","0","0","0","2","0","1","11","0","12","Low","Direct migration candidate"
"1u4RSDypFBsYS-8SRXF9J7HideBFyoWz3","test 1000","https://sites.google.com/d/1u4RSDypFBsYS-8SRXF9J7HideBFyoWz3/edit","1","0","0","1","1","4","1","0","0","0","1","0","1","11","0","12","Low","Direct migration candidate"
"1S6gYmhawxcaI4CHH5Bjy6gZqYM1QNFY9","migra site","https://sites.google.com/d/1S6gYmhawxcaI4CHH5Bjy6gZqYM1QNFY9/edit","1","0","0","1","1","4","1","0","0","0","1","0","1","11","0","12","Low","Direct migration candidate"
"1oxjUJjEqor9tmRp7PIQqdlwwHhgLpHg2","Copy of Roche Template","https://sites.google.com/d/1oxjUJjEqor9tmRp7PIQqdlwwHhgLpHg2/edit","1","0","0","1","1","4","1","0","0","0","1","0","1","11","0","12","Low","Direct migration candidate"
"1OWMDwh70yVe-th5cUfK7jwtH1jKxByXO","Roche Template","https://sites.google.com/d/1OWMDwh70yVe-th5cUfK7jwtH1jKxByXO/edit","1","0","0","1","1","4","1","0","0","0","1","0","1","11","0","12","Low","Direct migration candidate"
"1lXk3Ymt7BDFhGxgmg3Gw6vKjI2gI5npe","Test gSite for the GAM PROD assessment","https://sites.google.com/d/1lXk3Ymt7BDFhGxgmg3Gw6vKjI2gI5npe/edit","1","0","0","1","1","4","2","0","0","0","2","0","1","11","0","12","Low","Direct migration candidate"
"1rQwva6fQ8xk3-34jlSA-8dmHizIEfpVm","Help Center","https://sites.google.com/d/1rQwva6fQ8xk3-34jlSA-8dmHizIEfpVm/edit","1","0","0","1","1","4","1","0","0","0","1","0","1","11","0","12","Low","Direct migration candidate"
"1cd00qAHSWCcM2jUTk5Tfv_IQpoObTgsX","Copy of ITO LT Operational Meeting","https://sites.google.com/d/1cd00qAHSWCcM2jUTk5Tfv_IQpoObTgsX/edit","1","0","0","1","1","4","1","0","0","0","1","0","1","11","0","12","Low","Direct migration candidate"
"1aJ_W44lVXpIYuFnE8BexhJeP5eMbsIIu","Portal","https://sites.google.com/d/1aJ_W44lVXpIYuFnE8BexhJeP5eMbsIIu/edit","1","0","0","1","1","4","1","0","0","0","1","0","1","11","0","12","Low","Direct migration candidate"
"1FO3SOFS18ww9j2zsGBCn5gOJQRm6mifC","Event","https://sites.google.com/d/1FO3SOFS18ww9j2zsGBCn5gOJQRm6mifC/edit","1","0","0","1","1","4","1","0","0","0","1","1","1","11","2","14","Low","Direct migration candidate"
"1zqVbQrCCQAsarfawR5sAInsNHT7uPHCF","Untitled site","https://sites.google.com/d/1zqVbQrCCQAsarfawR5sAInsNHT7uPHCF/edit","1","0","0","1","1","4","2","0","1","0","1","0","1","11","1","13","Low","Direct migration candidate"
"1tYPnPTlXMuk2L-tiuGK58Drq9NGJZ7zp","Untitled Site","https://sites.google.com/d/1tYPnPTlXMuk2L-tiuGK58Drq9NGJZ7zp/edit","1","0","0","1","1","4","2","0","1","0","1","0","1","11","1","13","Low","Direct migration candidate"
"1_XAcjt2Lv6NkfmMtnJlhH7yzgAaI-tNr","test site Juan","https://sites.google.com/d/1_XAcjt2Lv6NkfmMtnJlhH7yzgAaI-tNr/edit","1","0","0","1","1","4","4","0","1","0","3","0","1","11","1","13","Low","Direct migration candidate"
"1tfEv9-z4EKjSYs8rt5EC_8izgl0stejg","SMTP relay security enhancement","https://sites.google.com/d/1tfEv9-z4EKjSYs8rt5EC_8izgl0stejg/edit","1","0","0","1","1","4","2","0","0","0","2","0","1","11","0","12","Low","Direct migration candidate"
"14thQmzUnNSZLQeF0Q-y9njqnel_At0oA","Copy of testing new site loc","https://sites.google.com/d/14thQmzUnNSZLQeF0Q-y9njqnel_At0oA/edit","1","0","0","1","1","4","2","0","0","0","2","0","1","11","0","12","Low","Direct migration candidate"
"1HCFVXtrKeoFi8nDt-nxN5fr7aVrf2JP6","testing new site loc","https://sites.google.com/d/1HCFVXtrKeoFi8nDt-nxN5fr7aVrf2JP6/edit","1","0","0","1","1","4","2","0","0","0","2","0","1","11","0","12","Low","Direct migration candidate"
"1Xm-JdvtzHLSNtNZ7ZNg2hnwt0USiXE_q","tSquad Global","https://sites.google.com/d/1Xm-JdvtzHLSNtNZ7ZNg2hnwt0USiXE_q/edit","1","0","0","1","1","4","2","0","1","0","1","0","1","11","1","13","Low","Direct migration candidate"
"12CCwYguSgmYIsLSoRldO-5GhGoF5p_Pp","Identity or Messaging","https://sites.google.com/d/12CCwYguSgmYIsLSoRldO-5GhGoF5p_Pp/edit","1","0","0","1","1","4","2","0","1","0","1","0","1","11","1","13","Low","Direct migration candidate"
"1HFDvQYF-L2qK3EjDxFVGqzimDE5WtQeE","Test1","https://sites.google.com/d/1HFDvQYF-L2qK3EjDxFVGqzimDE5WtQeE/edit","1","0","0","1","1","4","2","0","1","0","1","0","1","11","1","13","Low","Direct migration candidate"
"1821RsAfgp82ikNWsWMERw9ndPXwzNUwS","Untitled site","https://sites.google.com/d/1821RsAfgp82ikNWsWMERw9ndPXwzNUwS/edit","1","0","0","1","1","4","2","0","1","0","1","0","1","11","1","13","Low","Direct migration candidate"
"1kklJGzUlgX7CTn48myCnBxvg2eE4ruGJ","Google issues","https://sites.google.com/d/1kklJGzUlgX7CTn48myCnBxvg2eE4ruGJ/edit","1","0","0","1","1","4","2","0","1","0","1","0","1","11","1","13","Low","Direct migration candidate"
"1kMqORkIZLuzZ9BQ_n1ASrWSdbI7pG8fL","DWO Managed Service","https://sites.google.com/d/1kMqORkIZLuzZ9BQ_n1ASrWSdbI7pG8fL/edit","1","0","0","1","1","4","2","0","1","0","1","0","1","11","1","13","Low","Direct migration candidate"
"1IQ1MNEJXYIbXMEGoBTkgiDlKhOKUxLyL","cloudm.roche.com","https://sites.google.com/d/1IQ1MNEJXYIbXMEGoBTkgiDlKhOKUxLyL/edit","1","0","0","1","1","4","2","0","0","0","2","0","1","11","0","12","Low","Direct migration candidate"
"1pN8xJKreJJcxbcw4UhlOKWd18GUvogGM","Open_Madrid","https://sites.google.com/d/1pN8xJKreJJcxbcw4UhlOKWd18GUvogGM/edit","1","0","0","1","1","4","7","0","0","0","7","0","1","11","0","12","Low","Direct migration candidate"
"1sjWkhnVkcyCzBsQa-GClLApr1EeVBDu7","GMC public tools","https://sites.google.com/d/1sjWkhnVkcyCzBsQa-GClLApr1EeVBDu7/edit","1","0","0","1","1","4","2","0","0","1","1","0","1","11","0","12","Low","Direct migration candidate"
"1pS83LXSpB9gybcooY0i8LwnDOy7MsDeq","GMCBot","https://sites.google.com/d/1pS83LXSpB9gybcooY0i8LwnDOy7MsDeq/edit","1","0","0","1","1","4","2","0","0","0","2","0","1","11","0","12","Low","Direct migration candidate"
"1pRaDug4tNCH5eNnpx7npV0t0U0Zavwxt","MessagingPrototype0.1 — Converted from Classic Sites","https://sites.google.com/d/1pRaDug4tNCH5eNnpx7npV0t0U0Zavwxt/edit","1","0","0","1","1","4","1","0","0","0","1","0","1","11","0","12","Low","Direct migration candidate"
"1FMxzh0Bf32DTxu4bMPf54kNmo0XFHjxb","testpushnotifiers","https://sites.google.com/d/1FMxzh0Bf32DTxu4bMPf54kNmo0XFHjxb/edit","1","0","0","1","1","4","1","0","0","0","1","0","1","11","0","12","Low","Direct migration candidate"
"1ghhRouKA2A2b2yazASdogDFjWPLp4qV2","Google Requests","https://sites.google.com/d/1ghhRouKA2A2b2yazASdogDFjWPLp4qV2/edit","1","0","0","1","1","4","1","0","0","0","1","0","1","11","0","12","Low","Direct migration candidate"
"1YgwyRBk1dUEyfGDB5eYfBRc5cv2fJoBs","Untitled site","https://sites.google.com/d/1YgwyRBk1dUEyfGDB5eYfBRc5cv2fJoBs/edit","1","0","0","1","1","4","2","0","1","0","1","0","1","11","1","13","Low","Direct migration candidate"
"1DmyjqecunNljgk5UDBoeQmcp7az-hmN7","Untitled site","https://sites.google.com/d/1DmyjqecunNljgk5UDBoeQmcp7az-hmN7/edit","1","0","0","1","1","4","1","0","0","0","1","0","1","11","0","12","Low","Direct migration candidate"
"1RY8Djr0NVQ42h7sn7rpyUR_dJCYO9sOG","Gmail Best practices and Common errors","https://sites.google.com/d/1RY8Djr0NVQ42h7sn7rpyUR_dJCYO9sOG/edit","1","0","0","1","1","4","5","0","1","0","4","0","1","11","1","13","Low","Direct migration candidate"
"1_J6bzHX0qN9JQQFk0S9kSQDCP3T7OYmU","test not shared","https://sites.google.com/d/1_J6bzHX0qN9JQQFk0S9kSQDCP3T7OYmU/edit","1","0","0","1","1","4","2","0","1","0","1","0","1","11","1","13","Low","Direct migration candidate"
"1Fv9dassf3JU2Jf7zRT0oApdSI9ZFRVQM","Messaging, Realtime & Web conferencing Releases — Converted from Classic Sites","https://sites.google.com/d/1Fv9dassf3JU2Jf7zRT0oApdSI9ZFRVQM/edit","1","0","0","1","1","4","4","0","1","1","2","0","1","11","1","13","Low","Direct migration candidate"
"1rvJHO3hpqVWTNvlZquWRstLAACRAy26E","Boost Your Talent","https://sites.google.com/d/1rvJHO3hpqVWTNvlZquWRstLAACRAy26E/edit","1","0","0","1","1","4","6","0","0","0","6","0","1","11","0","12","Low","Direct migration candidate"
"1usWcyZHBMzl7hjHEcFg9De0H4a5tImzb","Test New Sites Fernando","https://sites.google.com/d/1usWcyZHBMzl7hjHEcFg9De0H4a5tImzb/edit","1","0","0","1","1","4","1","0","0","0","1","0","1","11","0","12","Low","Direct migration candidate"
"1NYrddo5DHf9MACaQ7gF-YP3yKr7a7G4m","Test para convertir a nuevo gsites — Converted from Classic Sites","https://sites.google.com/d/1NYrddo5DHf9MACaQ7gF-YP3yKr7a7G4m/edit","1","0","0","1","1","4","1","0","0","0","1","0","1","11","0","12","Low","Direct migration candidate"
"1Mrj-t_XnnHXAVABFR0dnGICrwifnoMK9","Copy of DME site","https://sites.google.com/d/1Mrj-t_XnnHXAVABFR0dnGICrwifnoMK9/edit","1","0","0","1","1","4","4","0","0","0","4","0","1","11","0","12","Low","Direct migration candidate"
"1qL_D0qQMy-qmEikW0rIe_fKss6ClEyJP","Copy of Informatics Campus","https://sites.google.com/d/1qL_D0qQMy-qmEikW0rIe_fKss6ClEyJP/edit","1","0","0","1","1","4","1","0","0","0","1","0","1","11","0","12","Low","Direct migration candidate"
"1EBRyipto9CBZ42b3eat7GTe5VRrMU37-","asdfasite","https://sites.google.com/d/1EBRyipto9CBZ42b3eat7GTe5VRrMU37-/edit","1","0","0","1","1","4","1","0","0","0","1","0","1","11","0","12","Low","Direct migration candidate"
"1wmusANhQYxTl7zpASD5kml63rBcCfpva","Drag & Drop - solution presentation","https://sites.google.com/d/1wmusANhQYxTl7zpASD5kml63rBcCfpva/edit","1","0","0","1","1","4","2","0","1","0","1","0","1","11","1","13","Low","Direct migration candidate"
"17yjYlnomW0KNA7yOtziLyt1U6OEnaLKG","G Suite Factory | Collection of ""Notebooks""","https://sites.google.com/d/17yjYlnomW0KNA7yOtziLyt1U6OEnaLKG/edit","1","0","0","1","1","4","2","0","1","0","1","0","1","11","1","13","Low","Direct migration candidate"
"1OiQSCw61gZh1PZqlslzaX179nAbnRWoV","Project","https://sites.google.com/d/1OiQSCw61gZh1PZqlslzaX179nAbnRWoV/edit","1","0","0","1","1","4","2","0","1","0","1","0","1","11","1","13","Low","Direct migration candidate"
"1JEnHIzt7fse2c_-nK51rXW4In4nB_U-W","Project","https://sites.google.com/d/1JEnHIzt7fse2c_-nK51rXW4In4nB_U-W/edit","1","0","0","1","1","4","2","0","1","0","1","0","1","11","1","13","Low","Direct migration candidate"
"1CRW6zH9C31o7lF11kLo-bnXg5CvV9cok","CHANEL MARKETING STATUS REPORT","https://sites.google.com/d/1CRW6zH9C31o7lF11kLo-bnXg5CvV9cok/edit","1","0","0","1","1","4","3","0","0","0","3","0","1","11","0","12","Low","Direct migration candidate"
"1w9EAyjqAPYG8pr9aiANYWOONN_YMDQz8","Untitled site","https://sites.google.com/d/1w9EAyjqAPYG8pr9aiANYWOONN_YMDQz8/edit","1","0","0","1","1","4","1","0","0","0","1","1","1","11","2","14","Low","Direct migration candidate"
"1c4ezggTZ7AQm43JMJ4tgOGPBG3iV4VE2","Untitled site","https://sites.google.com/d/1c4ezggTZ7AQm43JMJ4tgOGPBG3iV4VE2/edit","1","0","0","1","1","4","2","0","1","0","1","2","1","11","5","17","Low","Direct migration candidate"
"15XCJl_eC_Mm6h4YTamLtKoLucLv4V4y7","Example","https://sites.google.com/d/15XCJl_eC_Mm6h4YTamLtKoLucLv4V4y7/edit","1","0","0","1","1","4","2","0","1","0","1","2","1","11","5","17","Low","Direct migration candidate"
"1vdVjjPqnJ0nAh5XBBQU55RH9K6uNYLBX","Event1","https://sites.google.com/d/1vdVjjPqnJ0nAh5XBBQU55RH9K6uNYLBX/edit","1","0","0","1","1","4","2","0","1","0","1","2","1","11","5","17","Low","Direct migration candidate"
"14W_Dqb1yTC_1zAns31reT7V-3pcbFV-m","Untitled site","https://sites.google.com/d/14W_Dqb1yTC_1zAns31reT7V-3pcbFV-m/edit","1","0","0","1","1","4","2","0","1","0","1","2","1","11","5","17","Low","Direct migration candidate"
"1nSSyHX7o8X_D7xjhBmLt5FNdP1bWd9Ha","Untitled site","https://sites.google.com/d/1nSSyHX7o8X_D7xjhBmLt5FNdP1bWd9Ha/edit","1","0","0","1","1","4","1","0","0","0","1","1","1","11","2","14","Low","Direct migration candidate"
"1txW1QlAongQJpysZHyz-aD8n7HWXjoQP","Untitled site","https://sites.google.com/d/1txW1QlAongQJpysZHyz-aD8n7HWXjoQP/edit","1","0","0","1","1","4","1","0","0","0","1","1","1","11","2","14","Low","Direct migration candidate"
"1ZNK2NOq2xAa7M9oAHDHhaq_jUSq4Mk2L","Domain-Wide Delegation Access","https://sites.google.com/d/1ZNK2NOq2xAa7M9oAHDHhaq_jUSq4Mk2L/edit","1","0","0","1","1","4","2","0","2","0","2","2","1","11","6","18","Low","Direct migration candidate"
"1cfrPZaatAAGDgGtVsOFwHZnn9hpm_K6N","Untitled site","https://sites.google.com/d/1cfrPZaatAAGDgGtVsOFwHZnn9hpm_K6N/edit","1","0","0","1","1","4","1","0","0","0","1","1","1","11","2","14","Low","Direct migration candidate"
"1253HeW7L6f7hhwYOOwU_OqpWAmgkcT0I","Untitled site","https://sites.google.com/d/1253HeW7L6f7hhwYOOwU_OqpWAmgkcT0I/edit","1","0","0","1","1","4","1","0","0","0","1","1","1","11","2","14","Low","Direct migration candidate"
"1fHES-LMlGFlhr_An1AyhZTWNWHVZRxaF","Untitled site","https://sites.google.com/d/1fHES-LMlGFlhr_An1AyhZTWNWHVZRxaF/edit","1","0","0","1","1","4","2","0","1","0","1","2","1","11","5","17","Low","Direct migration candidate"
"12Wb2FhGJe8x-SwEdzkaXatydtO4lGBBT","Untitled site","https://sites.google.com/d/12Wb2FhGJe8x-SwEdzkaXatydtO4lGBBT/edit","1","0","0","1","1","4","2","0","1","0","1","2","1","11","5","17","Low","Direct migration candidate"
"1PP2_01qIAscuHGwZkG9YOIY8cr0KTEPa","Untitled site","https://sites.google.com/d/1PP2_01qIAscuHGwZkG9YOIY8cr0KTEPa/edit","1","0","0","1","1","4","2","0","1","0","1","2","1","11","5","17","Low","Direct migration candidate"
"1INZof1MHbyaVkjpT2AbMX2-hu_HbQmeu","Untitled site","https://sites.google.com/d/1INZof1MHbyaVkjpT2AbMX2-hu_HbQmeu/edit","1","0","0","1","1","4","2","0","1","0","1","2","1","11","5","17","Low","Direct migration candidate"
"1-05PIEpwNoBBvv66E2lsjti6iMhY1nyR","Copy of Copy of Collaboration Suite","https://sites.google.com/d/1-05PIEpwNoBBvv66E2lsjti6iMhY1nyR/edit","1","0","0","1","1","4","1","0","0","0","1","0","1","11","0","12","Low","Direct migration candidate"
"1mbZoT_2ytNyvhZkzTyzfuiWMXfg8nHRM","Untitled site","https://sites.google.com/d/1mbZoT_2ytNyvhZkzTyzfuiWMXfg8nHRM/edit","1","0","0","1","1","4","1","0","0","0","1","0","1","11","0","12","Low","Direct migration candidate"
"13VY8oBWqSvNxq2ISTqjh-SuaJ5LIRnLJ","Untitled site","https://sites.google.com/d/13VY8oBWqSvNxq2ISTqjh-SuaJ5LIRnLJ/edit","1","0","0","1","1","4","1","0","0","0","1","0","1","11","0","12","Low","Direct migration candidate"
"1IwO2lYTbQ139ubxKlENHnlwriaV_VTd-","Paco Test Site","https://sites.google.com/d/1IwO2lYTbQ139ubxKlENHnlwriaV_VTd-/edit","1","0","0","1","1","4","3","0","1","0","2","0","1","11","1","13","Low","Direct migration candidate"
"1o-cyf6cm37PVbM-yvF-q3jXa_W4zQyOK","DME site","https://sites.google.com/d/1o-cyf6cm37PVbM-yvF-q3jXa_W4zQyOK/edit","1","0","0","1","1","4","9","0","0","0","9","0","1","11","0","12","Low","Direct migration candidate"
"1etBOHM8uZTIBczgRuo9iRJbokN03ukg6","Untitled site","https://sites.google.com/d/1etBOHM8uZTIBczgRuo9iRJbokN03ukg6/edit","1","0","0","1","1","4","1","0","0","0","1","1","1","11","2","14","Low","Direct migration candidate"
"1gqumSZ_5gRjfVP0e90p1yzq2WbdJpkKA","Test","https://sites.google.com/d/1gqumSZ_5gRjfVP0e90p1yzq2WbdJpkKA/edit","1","0","0","1","1","4","2","0","1","0","1","2","1","11","5","17","Low","Direct migration candidate"
"1BJtPGiy8Eauuyl4WD02jOS1RC6KvZ1db","Project","https://sites.google.com/d/1BJtPGiy8Eauuyl4WD02jOS1RC6KvZ1db/edit","1","0","0","1","1","4","1","0","0","0","1","1","1","11","2","14","Low","Direct migration candidate"
"1D4G-ZHHBJSig-Qd10BBIMC6HP8x3W4RN","Help centre","https://sites.google.com/d/1D4G-ZHHBJSig-Qd10BBIMC6HP8x3W4RN/edit","1","0","0","1","1","4","2","0","1","0","1","0","1","11","1","13","Low","Direct migration candidate"
"1mAaR_DoyZyr5NXDtgiiIPHXEnRVIaVyg","targ IFNa iMab","https://sites.google.com/d/1mAaR_DoyZyr5NXDtgiiIPHXEnRVIaVyg/edit","1","0","0","1","1","4","10","0","0","0","10","0","1","11","0","12","Low","Direct migration candidate"
"1WSEYFAet8mLQCt4YFaA7e1IjhY8iXN7u","emea-crm-frontend — Converted from Classic Sites","https://sites.google.com/d/1WSEYFAet8mLQCt4YFaA7e1IjhY8iXN7u/edit","1","0","0","1","1","4","1","0","0","0","1","1","1","11","2","14","Low","Direct migration candidate"
"1U8mMU3Ux3-hGhWdcYEjnXVlKAA83J0Lo","Simplifi Learning Journey","https://sites.google.com/d/1U8mMU3Ux3-hGhWdcYEjnXVlKAA83J0Lo/edit","1","0","0","1","1","4","17","0","1","0","16","0","1","11","1","13","Low","Direct migration candidate"
"1UwIw3473VGhywZ-Ihpgkcgs-iNsJ6B1h","Roche Template","https://sites.google.com/d/1UwIw3473VGhywZ-Ihpgkcgs-iNsJ6B1h/edit","1","0","0","1","1","4","1","0","0","0","1","0","1","11","0","12","Low","Direct migration candidate"
"1F5Al_DxZjA8TLuPnO1UXk3f0pvziT1Up","Untitled site","https://sites.google.com/d/1F5Al_DxZjA8TLuPnO1UXk3f0pvziT1Up/edit","1","0","0","1","1","4","2","0","1","0","1","0","1","11","1","13","Low","Direct migration candidate"
"1s52lpzSk-9_WuvKS2Ln6SEXnq2IZ6w7s","Project","https://sites.google.com/d/1s52lpzSk-9_WuvKS2Ln6SEXnq2IZ6w7s/edit","1","0","0","1","1","4","2","0","1","0","1","0","1","11","1","13","Low","Direct migration candidate"
"1KPHMkA4c3WCBRcUvWu7nIGIKFgulvE41","Izzati Test","https://sites.google.com/d/1KPHMkA4c3WCBRcUvWu7nIGIKFgulvE41/edit","1","0","0","1","1","4","2","0","1","0","1","0","1","11","1","13","Low","Direct migration candidate"
"1-WtDvj7KNeMxof8GosyG474Fh-UAfqCM","Untitled site","https://sites.google.com/d/1-WtDvj7KNeMxof8GosyG474Fh-UAfqCM/edit","1","0","0","1","1","4","1","0","0","0","1","0","1","11","0","12","Low","Direct migration candidate"
"1hL8WE4M3TZCkPs5RfhxA4BOGR6m_oIV_","iKnow Informatics SNow SPM","https://sites.google.com/d/1hL8WE4M3TZCkPs5RfhxA4BOGR6m_oIV_/edit","1","0","0","1","1","4","7","0","1","0","6","5","1","11","10","22","Low","Direct migration candidate"
"1gn3SGnMIlsE6TY9tNY4lCUjVTd7r6wFu","Transparency Goal  — Converted from Classic Sites","https://sites.google.com/d/1gn3SGnMIlsE6TY9tNY4lCUjVTd7r6wFu/edit","1","0","0","1","1","4","1","0","0","0","1","1","1","11","2","14","Low","Direct migration candidate"
"1sCgVauOUfel_qle6LmfAWjQBdFV5yTAy","Help Center","https://sites.google.com/d/1sCgVauOUfel_qle6LmfAWjQBdFV5yTAy/edit","1","0","0","1","1","4","2","0","0","0","2","2","1","11","4","16","Low","Direct migration candidate"
"1uLdz58_-km-DtaiLkPJv02iDPIpXATyA","TM Priorities & Operating Model","https://sites.google.com/d/1uLdz58_-km-DtaiLkPJv02iDPIpXATyA/edit","1","0","0","1","1","4","3","0","0","0","3","3","1","11","6","18","Low","Direct migration candidate"
"11LxujM24rZJoDdXG1aGX75_YNEAqcNyF","Help Center","https://sites.google.com/d/11LxujM24rZJoDdXG1aGX75_YNEAqcNyF/edit","1","0","0","1","1","4","2","0","1","0","1","2","1","11","5","17","Low","Direct migration candidate"
"15fH-GTDEXVzVyBLiSvw4RbbARMsJhcvM","Portal","https://sites.google.com/d/15fH-GTDEXVzVyBLiSvw4RbbARMsJhcvM/edit","1","0","0","1","1","4","2","0","1","0","1","2","1","11","5","17","Low","Direct migration candidate"
"1Qn7gRFq-UkjUyuTgp7fwxH_ywVDGhpwt","Portal","https://sites.google.com/d/1Qn7gRFq-UkjUyuTgp7fwxH_ywVDGhpwt/edit","1","0","0","1","1","4","2","0","1","0","1","2","1","11","5","17","Low","Direct migration candidate"
"1NkaWu140IrXetGCokRQAwhaLq4tDDozC","Copy of TMRF","https://sites.google.com/d/1NkaWu140IrXetGCokRQAwhaLq4tDDozC/edit","1","0","0","1","1","4","1","0","0","0","1","1","1","11","2","14","Low","Direct migration candidate"
"1pgQOSJ-hcgCINcN1tFZ3SuvD5iJQQLy0","Portal","https://sites.google.com/d/1pgQOSJ-hcgCINcN1tFZ3SuvD5iJQQLy0/edit","1","0","0","1","1","4","1","0","0","0","1","1","1","11","2","14","Low","Direct migration candidate"
"1Vq_0wfLQdSAfXCK0LT_YLiz7gZZ_MHYp","Portal","https://sites.google.com/d/1Vq_0wfLQdSAfXCK0LT_YLiz7gZZ_MHYp/edit","1","0","0","1","1","4","1","0","0","0","1","1","1","11","2","14","Low","Direct migration candidate"
"1cggVlJK-g90G3glnkaLbCSWErbdKcyQi","OMNI Biomarker Development","https://sites.google.com/d/1cggVlJK-g90G3glnkaLbCSWErbdKcyQi/edit","1","0","0","1","1","4","6","0","0","0","6","6","1","11","10","22","Low","Direct migration candidate"
"1p0ZZFf5-xu2Kzo6WWh92PZ6CjD7qwcUK","CNCPractice — Converted from Classic Sites","https://sites.google.com/d/1p0ZZFf5-xu2Kzo6WWh92PZ6CjD7qwcUK/edit","1","0","0","1","1","4","1","0","0","0","1","1","1","11","2","14","Low","Direct migration candidate"
"1njlEzDgW6Lq6Diyc03pkZe4Ryh1JylqW","PKPD OPS (P2O) — Converted from Classic Sites","https://sites.google.com/d/1njlEzDgW6Lq6Diyc03pkZe4Ryh1JylqW/edit","1","0","0","1","1","4","1","0","0","0","1","1","1","11","2","14","Low","Direct migration candidate"
"1OhC2mHGojaP0wwtdg67Sibtzf4SVgeAc","PTPK Leadership Team — Converted from Classic Sites","https://sites.google.com/d/1OhC2mHGojaP0wwtdg67Sibtzf4SVgeAc/edit","1","0","0","1","1","4","2","0","0","0","2","2","1","11","4","16","Low","Direct migration candidate"
"1vSYkmQU79l9T0t2kBSlL-dQKgkcowr87","Preclinical &amp; Translational PKPD — Converted from Classic Sites","https://sites.google.com/d/1vSYkmQU79l9T0t2kBSlL-dQKgkcowr87/edit","1","0","0","1","1","4","2","0","0","0","2","2","1","11","4","16","Low","Direct migration candidate"
"1nJ8m87hCTZpH-3Ke1dZb8ACv0YXoyKEV","PTPK-OPHTHA — Converted from Classic Sites","https://sites.google.com/d/1nJ8m87hCTZpH-3Ke1dZb8ACv0YXoyKEV/edit","1","0","0","1","1","4","1","0","0","0","1","1","1","11","2","14","Low","Direct migration candidate"
"1lmLmXD42lzV-yQZg-OOlTWjGmExiqObW","OMNI-BD Leadership Team — Converted from Classic Sites","https://sites.google.com/d/1lmLmXD42lzV-yQZg-OOlTWjGmExiqObW/edit","1","0","0","1","1","4","1","0","0","0","1","1","1","11","2","14","Low","Direct migration candidate"
"1LsPnyjK51kaQSSBYhhmzgshAl1UV6xDY","PCV Working Group Team Site — Converted from Classic Sites","https://sites.google.com/d/1LsPnyjK51kaQSSBYhhmzgshAl1UV6xDY/edit","1","0","0","1","1","4","2","0","0","2","2","2","1","11","4","16","Low","Direct migration candidate"
"12IctZRARYpH7GvjobRUEe_IFwCCXjmH1","ptpk — Converted from Classic Sites","https://sites.google.com/d/12IctZRARYpH7GvjobRUEe_IFwCCXjmH1/edit","1","0","0","1","1","4","1","0","0","0","1","1","1","11","2","14","Low","Direct migration candidate"
"1K_9eX4zQEeePnkQHT7Vj4jnvYHqJ4LG_","omnibd — Converted from Classic Sites","https://sites.google.com/d/1K_9eX4zQEeePnkQHT7Vj4jnvYHqJ4LG_/edit","1","0","0","1","1","4","1","0","0","0","1","1","1","11","2","14","Low","Direct migration candidate"
"11QkSls--Fy-jKX_UdkW5m4JRqu_y5EHP","Copy of Roche Template Light","https://sites.google.com/d/11QkSls--Fy-jKX_UdkW5m4JRqu_y5EHP/edit","1","0","0","1","1","4","2","0","0","0","2","1","1","11","2","14","Low","Direct migration candidate"
"1LScAdpaDzaakzXbw_mTPx0BFuRLGkzVb","Copy of Project Template","https://sites.google.com/d/1LScAdpaDzaakzXbw_mTPx0BFuRLGkzVb/edit","1","0","0","1","1","4","2","0","0","0","2","1","1","11","2","14","Low","Direct migration candidate"
"1HW1O6Uqs8JVK18TQq7BP0WuzuwMWxdHY","Copy of Team Template","https://sites.google.com/d/1HW1O6Uqs8JVK18TQq7BP0WuzuwMWxdHY/edit","1","0","0","1","1","4","2","0","0","0","2","1","1","11","2","14","Low","Direct migration candidate"
"1uPSC1sXWr_R_W6x2rnAdV7G9LoOjx8B6","omnibd — Converted from Classic Sites","https://sites.google.com/d/1uPSC1sXWr_R_W6x2rnAdV7G9LoOjx8B6/edit","1","0","0","1","1","4","1","0","0","0","1","1","1","11","2","14","Low","Direct migration candidate"
"1F71acglBlARqwhTqOUzKk5xkahQI9c0D","Project","https://sites.google.com/d/1F71acglBlARqwhTqOUzKk5xkahQI9c0D/edit","1","0","0","1","1","4","2","0","1","0","1","0","1","11","1","13","Low","Direct migration candidate"
"1GazEUh5OAcscSiG6eAQ65uE_E049guiD","Event","https://sites.google.com/d/1GazEUh5OAcscSiG6eAQ65uE_E049guiD/edit","1","0","0","1","1","4","2","0","1","0","1","0","1","11","1","13","Low","Direct migration candidate"
"1KErQu8Q-kNDgyz-wXNwtnUK5Yx1gRBf3","Project","https://sites.google.com/d/1KErQu8Q-kNDgyz-wXNwtnUK5Yx1gRBf3/edit","1","0","0","1","1","4","2","0","1","0","1","0","1","11","1","13","Low","Direct migration candidate"
"1I2FdtznNfQNl4jcoL2PTHeaDzY4K0HcE","Event","https://sites.google.com/d/1I2FdtznNfQNl4jcoL2PTHeaDzY4K0HcE/edit","1","0","0","1","1","4","2","0","1","0","1","0","1","11","1","13","Low","Direct migration candidate"
"1sDInVdL0X7GP-4kmxjDV54klhZF9-Q4b","Event","https://sites.google.com/d/1sDInVdL0X7GP-4kmxjDV54klhZF9-Q4b/edit","1","0","0","1","1","4","2","0","1","0","1","0","1","11","1","13","Low","Direct migration candidate"
"1VmUuNxhW2C0VtrV85WB5TN41UUn6q7_p","Portfolio test page","https://sites.google.com/d/1VmUuNxhW2C0VtrV85WB5TN41UUn6q7_p/edit","1","0","0","1","1","4","2","0","1","0","1","0","1","11","1","13","Low","Direct migration candidate"
"1eW5eJCiAcw9NYmKVylIpxt3fiyTJZO-V","Event","https://sites.google.com/d/1eW5eJCiAcw9NYmKVylIpxt3fiyTJZO-V/edit","1","0","0","1","1","4","2","0","1","0","1","0","1","11","1","13","Low","Direct migration candidate"
"1cW8kW_fYsCTFRD6Csl6JYVQQmkvNeQgq","Event","https://sites.google.com/d/1cW8kW_fYsCTFRD6Csl6JYVQQmkvNeQgq/edit","1","0","0","1","1","4","2","0","1","0","1","0","1","11","1","13","Low","Direct migration candidate"
"1t2583gCgo8VhHzx-UP441yDk5MtjZR93","Event","https://sites.google.com/d/1t2583gCgo8VhHzx-UP441yDk5MtjZR93/edit","1","0","0","1","1","4","2","0","1","0","1","0","1","11","1","13","Low","Direct migration candidate"
"1zqXiIrE6UpGwtcu7jtNSl8HysvyCJBuX","Project","https://sites.google.com/d/1zqXiIrE6UpGwtcu7jtNSl8HysvyCJBuX/edit","1","0","0","1","1","4","2","0","1","0","1","0","1","11","1","13","Low","Direct migration candidate"
"15g9Xo4QB1C-2jCENJPgjFP_f_UE5MWKi","Roche Template","https://sites.google.com/d/15g9Xo4QB1C-2jCENJPgjFP_f_UE5MWKi/edit","1","0","0","1","1","4","1","0","0","0","1","0","1","11","0","12","Low","Direct migration candidate"
"1jtEtaOYAjz5pERogaHYJcFWbRSXG6rTu","Copy of Redesign: DnA - January 15,  Latest","https://sites.google.com/d/1jtEtaOYAjz5pERogaHYJcFWbRSXG6rTu/edit","1","0","0","1","1","4","1","0","0","0","1","0","1","11","0","12","Low","Direct migration candidate"
"1KZcX9kRk8k6L31oYhz_2B34xd3CS7yYV","AutoIT User Site — Converted from Classic Sites","https://sites.google.com/d/1KZcX9kRk8k6L31oYhz_2B34xd3CS7yYV/edit","1","0","0","1","1","4","6","0","1","0","6","6","1","11","10","22","Low","Direct migration candidate"
"1sg_D-IzmZk42HNWF79usUMssQ33MkSa7","BIV Medienwand","https://sites.google.com/d/1sg_D-IzmZk42HNWF79usUMssQ33MkSa7/edit","1","0","0","1","1","4","10","0","1","0","9","0","1","11","1","13","Low","Direct migration candidate"
"1rZxLY_SMDmREBM8eNe1fdkYTORqMbxKs","Ticket Health Cycle","https://sites.google.com/d/1rZxLY_SMDmREBM8eNe1fdkYTORqMbxKs/edit","1","0","0","1","1","4","7","0","0","1","6","0","1","11","0","12","Low","Direct migration candidate"
"1jmeNdv2bthr7BkXmupWOUcieKRS3bvMj","IS CAB","https://sites.google.com/d/1jmeNdv2bthr7BkXmupWOUcieKRS3bvMj/edit","1","0","0","1","1","4","1","0","0","0","1","0","1","11","0","12","Low","Direct migration candidate"
"1drMvWWO8KyMz6S5QPmFhwVp8lZAs-Gdb","GoodTicket Practices — Converted from Classic Sites","https://sites.google.com/d/1drMvWWO8KyMz6S5QPmFhwVp8lZAs-Gdb/edit","1","0","0","1","1","4","4","0","0","0","4","0","1","11","0","12","Low","Direct migration candidate"
"1DBWX_V-PUbs2xsbEJWnnmN5-GeFxdzo-","RDCI US Finance Reporting","https://sites.google.com/d/1DBWX_V-PUbs2xsbEJWnnmN5-GeFxdzo-/edit","1","0","0","1","1","4","5","0","1","0","4","0","1","11","1","13","Low","Direct migration candidate"
"1vFvTBNNBzj6MTpHQGrAeRjyAQhXgS040","Google Site test","https://sites.google.com/d/1vFvTBNNBzj6MTpHQGrAeRjyAQhXgS040/edit","1","0","0","1","1","4","2","0","1","0","1","0","1","11","1","13","Low","Direct migration candidate"
