SiteId,SiteName,PageUrl,ExternalDomain
1cNxDDhIHOHFY-MhxfbZnKvDvq1j5O94q,Untitled Site,https://sites.google.com/d/1cNxDDhIHOHFY-MhxfbZnKvDvq1j5O94q/edit,support.google.com
1cNxDDhIHOHFY-MhxfbZnKvDvq1j5O94q,Untitled Site,https://sites.google.com/d/1cNxDDhIHOHFY-MhxfbZnKvDvq1j5O94q/edit,accounts.google.com
1cNxDDhIHOHFY-MhxfbZnKvDvq1j5O94q,Untitled Site,https://sites.google.com/d/1cNxDDhIHOHFY-MhxfbZnKvDvq1j5O94q/edit,ssl.gstatic.com
1cNxDDhIHOHFY-MhxfbZnKvDvq1j5O94q,Untitled Site,https://sites.google.com/d/1cNxDDhIHOHFY-MhxfbZnKvDvq1j5O94q/edit,lh3.googleusercontent.com
1QGyEQRnnP3RxSPTwf9Zz3WuLXm546dQe,testone — Converted from Classic Sites,https://sites.google.com/d/1QGyEQRnnP3RxSPTwf9Zz3WuLXm546dQe/edit,support.google.com
1QGyEQRnnP3RxSPTwf9Zz3WuLXm546dQe,testone — Converted from Classic Sites,https://sites.google.com/d/1QGyEQRnnP3RxSPTwf9Zz3WuLXm546dQe/edit,accounts.google.com
1QGyEQRnnP3RxSPTwf9Zz3WuLXm546dQe,testone — Converted from Classic Sites,https://sites.google.com/d/1QGyEQRnnP3RxSPTwf9Zz3WuLXm546dQe/edit,ssl.gstatic.com
1QGyEQRnnP3RxSPTwf9Zz3WuLXm546dQe,testone — Converted from Classic Sites,https://sites.google.com/d/1QGyEQRnnP3RxSPTwf9Zz3WuLXm546dQe/edit,lh3.googleusercontent.com
1bFQEeicgkKYZBnKtESQrmty0aH8AKEjB,Roche Template,https://sites.google.com/d/1bFQEeicgkKYZBnKtESQrmty0aH8AKEjB/edit,support.google.com
1bFQEeicgkKYZBnKtESQrmty0aH8AKEjB,Roche Template,https://sites.google.com/d/1bFQEeicgkKYZBnKtESQrmty0aH8AKEjB/edit,accounts.google.com
1bFQEeicgkKYZBnKtESQrmty0aH8AKEjB,Roche Template,https://sites.google.com/d/1bFQEeicgkKYZBnKtESQrmty0aH8AKEjB/edit,ssl.gstatic.com
1bFQEeicgkKYZBnKtESQrmty0aH8AKEjB,Roche Template,https://sites.google.com/d/1bFQEeicgkKYZBnKtESQrmty0aH8AKEjB/edit,lh3.googleusercontent.com
1wWZ-bZMXIkZNIjdrLxB95D8DO6glKMRy,test_new_site1,https://sites.google.com/d/1wWZ-bZMXIkZNIjdrLxB95D8DO6glKMRy/edit,support.google.com
1wWZ-bZMXIkZNIjdrLxB95D8DO6glKMRy,test_new_site1,https://sites.google.com/d/1wWZ-bZMXIkZNIjdrLxB95D8DO6glKMRy/edit,accounts.google.com
1wWZ-bZMXIkZNIjdrLxB95D8DO6glKMRy,test_new_site1,https://sites.google.com/d/1wWZ-bZMXIkZNIjdrLxB95D8DO6glKMRy/edit,ssl.gstatic.com
1wWZ-bZMXIkZNIjdrLxB95D8DO6glKMRy,test_new_site1,https://sites.google.com/d/1wWZ-bZMXIkZNIjdrLxB95D8DO6glKMRy/edit,lh3.googleusercontent.com
1nW0vcqy5JppqzgmmYBFpP2OzkHcw13tk,Untitled site,https://sites.google.com/d/1nW0vcqy5JppqzgmmYBFpP2OzkHcw13tk/edit,support.google.com
1nW0vcqy5JppqzgmmYBFpP2OzkHcw13tk,Untitled site,https://sites.google.com/d/1nW0vcqy5JppqzgmmYBFpP2OzkHcw13tk/edit,accounts.google.com
1nW0vcqy5JppqzgmmYBFpP2OzkHcw13tk,Untitled site,https://sites.google.com/d/1nW0vcqy5JppqzgmmYBFpP2OzkHcw13tk/edit,ssl.gstatic.com
1nW0vcqy5JppqzgmmYBFpP2OzkHcw13tk,Untitled site,https://sites.google.com/d/1nW0vcqy5JppqzgmmYBFpP2OzkHcw13tk/edit,lh3.googleusercontent.com
1Jkr8wc6WJy_el_5SCEBacvEsw0Ahk1__,1a2s3d4f5g,https://sites.google.com/d/1Jkr8wc6WJy_el_5SCEBacvEsw0Ahk1__/edit,support.google.com
1Jkr8wc6WJy_el_5SCEBacvEsw0Ahk1__,1a2s3d4f5g,https://sites.google.com/d/1Jkr8wc6WJy_el_5SCEBacvEsw0Ahk1__/edit,accounts.google.com
1Jkr8wc6WJy_el_5SCEBacvEsw0Ahk1__,1a2s3d4f5g,https://sites.google.com/d/1Jkr8wc6WJy_el_5SCEBacvEsw0Ahk1__/edit,ssl.gstatic.com
1Jkr8wc6WJy_el_5SCEBacvEsw0Ahk1__,1a2s3d4f5g,https://sites.google.com/d/1Jkr8wc6WJy_el_5SCEBacvEsw0Ahk1__/edit,lh3.googleusercontent.com
1qbTKoA-Ic3DcS7vQBHLRRzPi10cvZ0z9,Project,https://sites.google.com/d/1qbTKoA-Ic3DcS7vQBHLRRzPi10cvZ0z9/edit,support.google.com
1qbTKoA-Ic3DcS7vQBHLRRzPi10cvZ0z9,Project,https://sites.google.com/d/1qbTKoA-Ic3DcS7vQBHLRRzPi10cvZ0z9/edit,accounts.google.com
1qbTKoA-Ic3DcS7vQBHLRRzPi10cvZ0z9,Project,https://sites.google.com/d/1qbTKoA-Ic3DcS7vQBHLRRzPi10cvZ0z9/edit,ssl.gstatic.com
1qbTKoA-Ic3DcS7vQBHLRRzPi10cvZ0z9,Project,https://sites.google.com/d/1qbTKoA-Ic3DcS7vQBHLRRzPi10cvZ0z9/edit,lh3.googleusercontent.com
1vqMWMhQNBQjcv0TJwxEvS-AM0rPIcCyd,test_site_Leno,https://sites.google.com/d/1vqMWMhQNBQjcv0TJwxEvS-AM0rPIcCyd/edit,support.google.com
1vqMWMhQNBQjcv0TJwxEvS-AM0rPIcCyd,test_site_Leno,https://sites.google.com/d/1vqMWMhQNBQjcv0TJwxEvS-AM0rPIcCyd/edit,accounts.google.com
1vqMWMhQNBQjcv0TJwxEvS-AM0rPIcCyd,test_site_Leno,https://sites.google.com/d/1vqMWMhQNBQjcv0TJwxEvS-AM0rPIcCyd/edit,ssl.gstatic.com
1vqMWMhQNBQjcv0TJwxEvS-AM0rPIcCyd,test_site_Leno,https://sites.google.com/d/1vqMWMhQNBQjcv0TJwxEvS-AM0rPIcCyd/edit,lh3.googleusercontent.com
16p5UjAv-C9tFe3-clyX1eTrySajkY6s2,Untitled site,https://sites.google.com/d/16p5UjAv-C9tFe3-clyX1eTrySajkY6s2/edit,support.google.com
16p5UjAv-C9tFe3-clyX1eTrySajkY6s2,Untitled site,https://sites.google.com/d/16p5UjAv-C9tFe3-clyX1eTrySajkY6s2/edit,accounts.google.com
16p5UjAv-C9tFe3-clyX1eTrySajkY6s2,Untitled site,https://sites.google.com/d/16p5UjAv-C9tFe3-clyX1eTrySajkY6s2/edit,ssl.gstatic.com
16p5UjAv-C9tFe3-clyX1eTrySajkY6s2,Untitled site,https://sites.google.com/d/16p5UjAv-C9tFe3-clyX1eTrySajkY6s2/edit,lh3.googleusercontent.com
1u4RSDypFBsYS-8SRXF9J7HideBFyoWz3,test 1000,https://sites.google.com/d/1u4RSDypFBsYS-8SRXF9J7HideBFyoWz3/edit,support.google.com
1u4RSDypFBsYS-8SRXF9J7HideBFyoWz3,test 1000,https://sites.google.com/d/1u4RSDypFBsYS-8SRXF9J7HideBFyoWz3/edit,accounts.google.com
1u4RSDypFBsYS-8SRXF9J7HideBFyoWz3,test 1000,https://sites.google.com/d/1u4RSDypFBsYS-8SRXF9J7HideBFyoWz3/edit,ssl.gstatic.com
1u4RSDypFBsYS-8SRXF9J7HideBFyoWz3,test 1000,https://sites.google.com/d/1u4RSDypFBsYS-8SRXF9J7HideBFyoWz3/edit,lh3.googleusercontent.com
1S6gYmhawxcaI4CHH5Bjy6gZqYM1QNFY9,migra site,https://sites.google.com/d/1S6gYmhawxcaI4CHH5Bjy6gZqYM1QNFY9/edit,support.google.com
1S6gYmhawxcaI4CHH5Bjy6gZqYM1QNFY9,migra site,https://sites.google.com/d/1S6gYmhawxcaI4CHH5Bjy6gZqYM1QNFY9/edit,accounts.google.com
1S6gYmhawxcaI4CHH5Bjy6gZqYM1QNFY9,migra site,https://sites.google.com/d/1S6gYmhawxcaI4CHH5Bjy6gZqYM1QNFY9/edit,ssl.gstatic.com
1S6gYmhawxcaI4CHH5Bjy6gZqYM1QNFY9,migra site,https://sites.google.com/d/1S6gYmhawxcaI4CHH5Bjy6gZqYM1QNFY9/edit,lh3.googleusercontent.com
1oxjUJjEqor9tmRp7PIQqdlwwHhgLpHg2,Copy of Roche Template,https://sites.google.com/d/1oxjUJjEqor9tmRp7PIQqdlwwHhgLpHg2/edit,support.google.com
1oxjUJjEqor9tmRp7PIQqdlwwHhgLpHg2,Copy of Roche Template,https://sites.google.com/d/1oxjUJjEqor9tmRp7PIQqdlwwHhgLpHg2/edit,accounts.google.com
1oxjUJjEqor9tmRp7PIQqdlwwHhgLpHg2,Copy of Roche Template,https://sites.google.com/d/1oxjUJjEqor9tmRp7PIQqdlwwHhgLpHg2/edit,ssl.gstatic.com
1oxjUJjEqor9tmRp7PIQqdlwwHhgLpHg2,Copy of Roche Template,https://sites.google.com/d/1oxjUJjEqor9tmRp7PIQqdlwwHhgLpHg2/edit,lh3.googleusercontent.com
1OWMDwh70yVe-th5cUfK7jwtH1jKxByXO,Roche Template,https://sites.google.com/d/1OWMDwh70yVe-th5cUfK7jwtH1jKxByXO/edit,support.google.com
1OWMDwh70yVe-th5cUfK7jwtH1jKxByXO,Roche Template,https://sites.google.com/d/1OWMDwh70yVe-th5cUfK7jwtH1jKxByXO/edit,accounts.google.com
1OWMDwh70yVe-th5cUfK7jwtH1jKxByXO,Roche Template,https://sites.google.com/d/1OWMDwh70yVe-th5cUfK7jwtH1jKxByXO/edit,ssl.gstatic.com
1OWMDwh70yVe-th5cUfK7jwtH1jKxByXO,Roche Template,https://sites.google.com/d/1OWMDwh70yVe-th5cUfK7jwtH1jKxByXO/edit,lh3.googleusercontent.com
1lXk3Ymt7BDFhGxgmg3Gw6vKjI2gI5npe,Test gSite for the GAM PROD assessment,https://sites.google.com/d/1lXk3Ymt7BDFhGxgmg3Gw6vKjI2gI5npe/edit,support.google.com
1lXk3Ymt7BDFhGxgmg3Gw6vKjI2gI5npe,Test gSite for the GAM PROD assessment,https://sites.google.com/d/1lXk3Ymt7BDFhGxgmg3Gw6vKjI2gI5npe/edit,accounts.google.com
1lXk3Ymt7BDFhGxgmg3Gw6vKjI2gI5npe,Test gSite for the GAM PROD assessment,https://sites.google.com/d/1lXk3Ymt7BDFhGxgmg3Gw6vKjI2gI5npe/edit,ssl.gstatic.com
1lXk3Ymt7BDFhGxgmg3Gw6vKjI2gI5npe,Test gSite for the GAM PROD assessment,https://sites.google.com/d/1lXk3Ymt7BDFhGxgmg3Gw6vKjI2gI5npe/edit,lh3.googleusercontent.com
1rQwva6fQ8xk3-34jlSA-8dmHizIEfpVm,Help Center,https://sites.google.com/d/1rQwva6fQ8xk3-34jlSA-8dmHizIEfpVm/edit,support.google.com
1rQwva6fQ8xk3-34jlSA-8dmHizIEfpVm,Help Center,https://sites.google.com/d/1rQwva6fQ8xk3-34jlSA-8dmHizIEfpVm/edit,accounts.google.com
1rQwva6fQ8xk3-34jlSA-8dmHizIEfpVm,Help Center,https://sites.google.com/d/1rQwva6fQ8xk3-34jlSA-8dmHizIEfpVm/edit,ssl.gstatic.com
1rQwva6fQ8xk3-34jlSA-8dmHizIEfpVm,Help Center,https://sites.google.com/d/1rQwva6fQ8xk3-34jlSA-8dmHizIEfpVm/edit,lh3.googleusercontent.com
1cd00qAHSWCcM2jUTk5Tfv_IQpoObTgsX,Copy of ITO LT Operational Meeting,https://sites.google.com/d/1cd00qAHSWCcM2jUTk5Tfv_IQpoObTgsX/edit,support.google.com
1cd00qAHSWCcM2jUTk5Tfv_IQpoObTgsX,Copy of ITO LT Operational Meeting,https://sites.google.com/d/1cd00qAHSWCcM2jUTk5Tfv_IQpoObTgsX/edit,accounts.google.com
1cd00qAHSWCcM2jUTk5Tfv_IQpoObTgsX,Copy of ITO LT Operational Meeting,https://sites.google.com/d/1cd00qAHSWCcM2jUTk5Tfv_IQpoObTgsX/edit,ssl.gstatic.com
1cd00qAHSWCcM2jUTk5Tfv_IQpoObTgsX,Copy of ITO LT Operational Meeting,https://sites.google.com/d/1cd00qAHSWCcM2jUTk5Tfv_IQpoObTgsX/edit,lh3.googleusercontent.com
1aJ_W44lVXpIYuFnE8BexhJeP5eMbsIIu,Portal,https://sites.google.com/d/1aJ_W44lVXpIYuFnE8BexhJeP5eMbsIIu/edit,support.google.com
1aJ_W44lVXpIYuFnE8BexhJeP5eMbsIIu,Portal,https://sites.google.com/d/1aJ_W44lVXpIYuFnE8BexhJeP5eMbsIIu/edit,accounts.google.com
1aJ_W44lVXpIYuFnE8BexhJeP5eMbsIIu,Portal,https://sites.google.com/d/1aJ_W44lVXpIYuFnE8BexhJeP5eMbsIIu/edit,ssl.gstatic.com
1aJ_W44lVXpIYuFnE8BexhJeP5eMbsIIu,Portal,https://sites.google.com/d/1aJ_W44lVXpIYuFnE8BexhJeP5eMbsIIu/edit,lh3.googleusercontent.com
1FO3SOFS18ww9j2zsGBCn5gOJQRm6mifC,Event,https://sites.google.com/d/1FO3SOFS18ww9j2zsGBCn5gOJQRm6mifC/edit,support.google.com
1FO3SOFS18ww9j2zsGBCn5gOJQRm6mifC,Event,https://sites.google.com/d/1FO3SOFS18ww9j2zsGBCn5gOJQRm6mifC/edit,accounts.google.com
1FO3SOFS18ww9j2zsGBCn5gOJQRm6mifC,Event,https://sites.google.com/d/1FO3SOFS18ww9j2zsGBCn5gOJQRm6mifC/edit,ssl.gstatic.com
1FO3SOFS18ww9j2zsGBCn5gOJQRm6mifC,Event,https://sites.google.com/d/1FO3SOFS18ww9j2zsGBCn5gOJQRm6mifC/edit,lh3.googleusercontent.com
1zqVbQrCCQAsarfawR5sAInsNHT7uPHCF,Untitled site,https://sites.google.com/d/1zqVbQrCCQAsarfawR5sAInsNHT7uPHCF/edit,support.google.com
1zqVbQrCCQAsarfawR5sAInsNHT7uPHCF,Untitled site,https://sites.google.com/d/1zqVbQrCCQAsarfawR5sAInsNHT7uPHCF/edit,accounts.google.com
1zqVbQrCCQAsarfawR5sAInsNHT7uPHCF,Untitled site,https://sites.google.com/d/1zqVbQrCCQAsarfawR5sAInsNHT7uPHCF/edit,ssl.gstatic.com
1zqVbQrCCQAsarfawR5sAInsNHT7uPHCF,Untitled site,https://sites.google.com/d/1zqVbQrCCQAsarfawR5sAInsNHT7uPHCF/edit,lh3.googleusercontent.com
1tYPnPTlXMuk2L-tiuGK58Drq9NGJZ7zp,Untitled Site,https://sites.google.com/d/1tYPnPTlXMuk2L-tiuGK58Drq9NGJZ7zp/edit,support.google.com
1tYPnPTlXMuk2L-tiuGK58Drq9NGJZ7zp,Untitled Site,https://sites.google.com/d/1tYPnPTlXMuk2L-tiuGK58Drq9NGJZ7zp/edit,accounts.google.com
1tYPnPTlXMuk2L-tiuGK58Drq9NGJZ7zp,Untitled Site,https://sites.google.com/d/1tYPnPTlXMuk2L-tiuGK58Drq9NGJZ7zp/edit,ssl.gstatic.com
1tYPnPTlXMuk2L-tiuGK58Drq9NGJZ7zp,Untitled Site,https://sites.google.com/d/1tYPnPTlXMuk2L-tiuGK58Drq9NGJZ7zp/edit,lh3.googleusercontent.com
1_XAcjt2Lv6NkfmMtnJlhH7yzgAaI-tNr,test site Juan,https://sites.google.com/d/1_XAcjt2Lv6NkfmMtnJlhH7yzgAaI-tNr/edit,support.google.com
1_XAcjt2Lv6NkfmMtnJlhH7yzgAaI-tNr,test site Juan,https://sites.google.com/d/1_XAcjt2Lv6NkfmMtnJlhH7yzgAaI-tNr/edit,accounts.google.com
1_XAcjt2Lv6NkfmMtnJlhH7yzgAaI-tNr,test site Juan,https://sites.google.com/d/1_XAcjt2Lv6NkfmMtnJlhH7yzgAaI-tNr/edit,ssl.gstatic.com
1_XAcjt2Lv6NkfmMtnJlhH7yzgAaI-tNr,test site Juan,https://sites.google.com/d/1_XAcjt2Lv6NkfmMtnJlhH7yzgAaI-tNr/edit,lh3.googleusercontent.com
1tfEv9-z4EKjSYs8rt5EC_8izgl0stejg,SMTP relay security enhancement,https://sites.google.com/d/1tfEv9-z4EKjSYs8rt5EC_8izgl0stejg/edit,support.google.com
1tfEv9-z4EKjSYs8rt5EC_8izgl0stejg,SMTP relay security enhancement,https://sites.google.com/d/1tfEv9-z4EKjSYs8rt5EC_8izgl0stejg/edit,accounts.google.com
1tfEv9-z4EKjSYs8rt5EC_8izgl0stejg,SMTP relay security enhancement,https://sites.google.com/d/1tfEv9-z4EKjSYs8rt5EC_8izgl0stejg/edit,ssl.gstatic.com
1tfEv9-z4EKjSYs8rt5EC_8izgl0stejg,SMTP relay security enhancement,https://sites.google.com/d/1tfEv9-z4EKjSYs8rt5EC_8izgl0stejg/edit,lh3.googleusercontent.com
14thQmzUnNSZLQeF0Q-y9njqnel_At0oA,Copy of testing new site loc,https://sites.google.com/d/14thQmzUnNSZLQeF0Q-y9njqnel_At0oA/edit,support.google.com
14thQmzUnNSZLQeF0Q-y9njqnel_At0oA,Copy of testing new site loc,https://sites.google.com/d/14thQmzUnNSZLQeF0Q-y9njqnel_At0oA/edit,accounts.google.com
14thQmzUnNSZLQeF0Q-y9njqnel_At0oA,Copy of testing new site loc,https://sites.google.com/d/14thQmzUnNSZLQeF0Q-y9njqnel_At0oA/edit,ssl.gstatic.com
14thQmzUnNSZLQeF0Q-y9njqnel_At0oA,Copy of testing new site loc,https://sites.google.com/d/14thQmzUnNSZLQeF0Q-y9njqnel_At0oA/edit,lh3.googleusercontent.com
1HCFVXtrKeoFi8nDt-nxN5fr7aVrf2JP6,testing new site loc,https://sites.google.com/d/1HCFVXtrKeoFi8nDt-nxN5fr7aVrf2JP6/edit,support.google.com
1HCFVXtrKeoFi8nDt-nxN5fr7aVrf2JP6,testing new site loc,https://sites.google.com/d/1HCFVXtrKeoFi8nDt-nxN5fr7aVrf2JP6/edit,accounts.google.com
1HCFVXtrKeoFi8nDt-nxN5fr7aVrf2JP6,testing new site loc,https://sites.google.com/d/1HCFVXtrKeoFi8nDt-nxN5fr7aVrf2JP6/edit,ssl.gstatic.com
1HCFVXtrKeoFi8nDt-nxN5fr7aVrf2JP6,testing new site loc,https://sites.google.com/d/1HCFVXtrKeoFi8nDt-nxN5fr7aVrf2JP6/edit,lh3.googleusercontent.com
1Xm-JdvtzHLSNtNZ7ZNg2hnwt0USiXE_q,tSquad Global,https://sites.google.com/d/1Xm-JdvtzHLSNtNZ7ZNg2hnwt0USiXE_q/edit,support.google.com
1Xm-JdvtzHLSNtNZ7ZNg2hnwt0USiXE_q,tSquad Global,https://sites.google.com/d/1Xm-JdvtzHLSNtNZ7ZNg2hnwt0USiXE_q/edit,accounts.google.com
1Xm-JdvtzHLSNtNZ7ZNg2hnwt0USiXE_q,tSquad Global,https://sites.google.com/d/1Xm-JdvtzHLSNtNZ7ZNg2hnwt0USiXE_q/edit,ssl.gstatic.com
1Xm-JdvtzHLSNtNZ7ZNg2hnwt0USiXE_q,tSquad Global,https://sites.google.com/d/1Xm-JdvtzHLSNtNZ7ZNg2hnwt0USiXE_q/edit,lh3.googleusercontent.com
12CCwYguSgmYIsLSoRldO-5GhGoF5p_Pp,Identity or Messaging,https://sites.google.com/d/12CCwYguSgmYIsLSoRldO-5GhGoF5p_Pp/edit,support.google.com
12CCwYguSgmYIsLSoRldO-5GhGoF5p_Pp,Identity or Messaging,https://sites.google.com/d/12CCwYguSgmYIsLSoRldO-5GhGoF5p_Pp/edit,accounts.google.com
12CCwYguSgmYIsLSoRldO-5GhGoF5p_Pp,Identity or Messaging,https://sites.google.com/d/12CCwYguSgmYIsLSoRldO-5GhGoF5p_Pp/edit,ssl.gstatic.com
12CCwYguSgmYIsLSoRldO-5GhGoF5p_Pp,Identity or Messaging,https://sites.google.com/d/12CCwYguSgmYIsLSoRldO-5GhGoF5p_Pp/edit,lh3.googleusercontent.com
1HFDvQYF-L2qK3EjDxFVGqzimDE5WtQeE,Test1,https://sites.google.com/d/1HFDvQYF-L2qK3EjDxFVGqzimDE5WtQeE/edit,support.google.com
1HFDvQYF-L2qK3EjDxFVGqzimDE5WtQeE,Test1,https://sites.google.com/d/1HFDvQYF-L2qK3EjDxFVGqzimDE5WtQeE/edit,accounts.google.com
1HFDvQYF-L2qK3EjDxFVGqzimDE5WtQeE,Test1,https://sites.google.com/d/1HFDvQYF-L2qK3EjDxFVGqzimDE5WtQeE/edit,ssl.gstatic.com
1HFDvQYF-L2qK3EjDxFVGqzimDE5WtQeE,Test1,https://sites.google.com/d/1HFDvQYF-L2qK3EjDxFVGqzimDE5WtQeE/edit,lh3.googleusercontent.com
1821RsAfgp82ikNWsWMERw9ndPXwzNUwS,Untitled site,https://sites.google.com/d/1821RsAfgp82ikNWsWMERw9ndPXwzNUwS/edit,support.google.com
1821RsAfgp82ikNWsWMERw9ndPXwzNUwS,Untitled site,https://sites.google.com/d/1821RsAfgp82ikNWsWMERw9ndPXwzNUwS/edit,accounts.google.com
1821RsAfgp82ikNWsWMERw9ndPXwzNUwS,Untitled site,https://sites.google.com/d/1821RsAfgp82ikNWsWMERw9ndPXwzNUwS/edit,ssl.gstatic.com
1821RsAfgp82ikNWsWMERw9ndPXwzNUwS,Untitled site,https://sites.google.com/d/1821RsAfgp82ikNWsWMERw9ndPXwzNUwS/edit,lh3.googleusercontent.com
1kklJGzUlgX7CTn48myCnBxvg2eE4ruGJ,Google issues,https://sites.google.com/d/1kklJGzUlgX7CTn48myCnBxvg2eE4ruGJ/edit,support.google.com
1kklJGzUlgX7CTn48myCnBxvg2eE4ruGJ,Google issues,https://sites.google.com/d/1kklJGzUlgX7CTn48myCnBxvg2eE4ruGJ/edit,accounts.google.com
1kklJGzUlgX7CTn48myCnBxvg2eE4ruGJ,Google issues,https://sites.google.com/d/1kklJGzUlgX7CTn48myCnBxvg2eE4ruGJ/edit,ssl.gstatic.com
1kklJGzUlgX7CTn48myCnBxvg2eE4ruGJ,Google issues,https://sites.google.com/d/1kklJGzUlgX7CTn48myCnBxvg2eE4ruGJ/edit,lh3.googleusercontent.com
1kMqORkIZLuzZ9BQ_n1ASrWSdbI7pG8fL,DWO Managed Service,https://sites.google.com/d/1kMqORkIZLuzZ9BQ_n1ASrWSdbI7pG8fL/edit,support.google.com
1kMqORkIZLuzZ9BQ_n1ASrWSdbI7pG8fL,DWO Managed Service,https://sites.google.com/d/1kMqORkIZLuzZ9BQ_n1ASrWSdbI7pG8fL/edit,accounts.google.com
1kMqORkIZLuzZ9BQ_n1ASrWSdbI7pG8fL,DWO Managed Service,https://sites.google.com/d/1kMqORkIZLuzZ9BQ_n1ASrWSdbI7pG8fL/edit,ssl.gstatic.com
1kMqORkIZLuzZ9BQ_n1ASrWSdbI7pG8fL,DWO Managed Service,https://sites.google.com/d/1kMqORkIZLuzZ9BQ_n1ASrWSdbI7pG8fL/edit,lh3.googleusercontent.com
1IQ1MNEJXYIbXMEGoBTkgiDlKhOKUxLyL,cloudm.roche.com,https://sites.google.com/d/1IQ1MNEJXYIbXMEGoBTkgiDlKhOKUxLyL/edit,support.google.com
1IQ1MNEJXYIbXMEGoBTkgiDlKhOKUxLyL,cloudm.roche.com,https://sites.google.com/d/1IQ1MNEJXYIbXMEGoBTkgiDlKhOKUxLyL/edit,accounts.google.com
1IQ1MNEJXYIbXMEGoBTkgiDlKhOKUxLyL,cloudm.roche.com,https://sites.google.com/d/1IQ1MNEJXYIbXMEGoBTkgiDlKhOKUxLyL/edit,ssl.gstatic.com
1IQ1MNEJXYIbXMEGoBTkgiDlKhOKUxLyL,cloudm.roche.com,https://sites.google.com/d/1IQ1MNEJXYIbXMEGoBTkgiDlKhOKUxLyL/edit,lh3.googleusercontent.com
1pN8xJKreJJcxbcw4UhlOKWd18GUvogGM,Open_Madrid,https://sites.google.com/d/1pN8xJKreJJcxbcw4UhlOKWd18GUvogGM/edit,support.google.com
1pN8xJKreJJcxbcw4UhlOKWd18GUvogGM,Open_Madrid,https://sites.google.com/d/1pN8xJKreJJcxbcw4UhlOKWd18GUvogGM/edit,accounts.google.com
1pN8xJKreJJcxbcw4UhlOKWd18GUvogGM,Open_Madrid,https://sites.google.com/d/1pN8xJKreJJcxbcw4UhlOKWd18GUvogGM/edit,ssl.gstatic.com
1pN8xJKreJJcxbcw4UhlOKWd18GUvogGM,Open_Madrid,https://sites.google.com/d/1pN8xJKreJJcxbcw4UhlOKWd18GUvogGM/edit,lh3.googleusercontent.com
1sjWkhnVkcyCzBsQa-GClLApr1EeVBDu7,GMC public tools,https://sites.google.com/d/1sjWkhnVkcyCzBsQa-GClLApr1EeVBDu7/edit,support.google.com
1sjWkhnVkcyCzBsQa-GClLApr1EeVBDu7,GMC public tools,https://sites.google.com/d/1sjWkhnVkcyCzBsQa-GClLApr1EeVBDu7/edit,accounts.google.com
1sjWkhnVkcyCzBsQa-GClLApr1EeVBDu7,GMC public tools,https://sites.google.com/d/1sjWkhnVkcyCzBsQa-GClLApr1EeVBDu7/edit,ssl.gstatic.com
1sjWkhnVkcyCzBsQa-GClLApr1EeVBDu7,GMC public tools,https://sites.google.com/d/1sjWkhnVkcyCzBsQa-GClLApr1EeVBDu7/edit,lh3.googleusercontent.com
1pS83LXSpB9gybcooY0i8LwnDOy7MsDeq,GMCBot,https://sites.google.com/d/1pS83LXSpB9gybcooY0i8LwnDOy7MsDeq/edit,support.google.com
1pS83LXSpB9gybcooY0i8LwnDOy7MsDeq,GMCBot,https://sites.google.com/d/1pS83LXSpB9gybcooY0i8LwnDOy7MsDeq/edit,accounts.google.com
1pS83LXSpB9gybcooY0i8LwnDOy7MsDeq,GMCBot,https://sites.google.com/d/1pS83LXSpB9gybcooY0i8LwnDOy7MsDeq/edit,ssl.gstatic.com
1pS83LXSpB9gybcooY0i8LwnDOy7MsDeq,GMCBot,https://sites.google.com/d/1pS83LXSpB9gybcooY0i8LwnDOy7MsDeq/edit,lh3.googleusercontent.com
1pRaDug4tNCH5eNnpx7npV0t0U0Zavwxt,MessagingPrototype0.1 — Converted from Classic Sites,https://sites.google.com/d/1pRaDug4tNCH5eNnpx7npV0t0U0Zavwxt/edit,support.google.com
1pRaDug4tNCH5eNnpx7npV0t0U0Zavwxt,MessagingPrototype0.1 — Converted from Classic Sites,https://sites.google.com/d/1pRaDug4tNCH5eNnpx7npV0t0U0Zavwxt/edit,accounts.google.com
1pRaDug4tNCH5eNnpx7npV0t0U0Zavwxt,MessagingPrototype0.1 — Converted from Classic Sites,https://sites.google.com/d/1pRaDug4tNCH5eNnpx7npV0t0U0Zavwxt/edit,ssl.gstatic.com
1pRaDug4tNCH5eNnpx7npV0t0U0Zavwxt,MessagingPrototype0.1 — Converted from Classic Sites,https://sites.google.com/d/1pRaDug4tNCH5eNnpx7npV0t0U0Zavwxt/edit,lh3.googleusercontent.com
1FMxzh0Bf32DTxu4bMPf54kNmo0XFHjxb,testpushnotifiers,https://sites.google.com/d/1FMxzh0Bf32DTxu4bMPf54kNmo0XFHjxb/edit,support.google.com
1FMxzh0Bf32DTxu4bMPf54kNmo0XFHjxb,testpushnotifiers,https://sites.google.com/d/1FMxzh0Bf32DTxu4bMPf54kNmo0XFHjxb/edit,accounts.google.com
1FMxzh0Bf32DTxu4bMPf54kNmo0XFHjxb,testpushnotifiers,https://sites.google.com/d/1FMxzh0Bf32DTxu4bMPf54kNmo0XFHjxb/edit,ssl.gstatic.com
1FMxzh0Bf32DTxu4bMPf54kNmo0XFHjxb,testpushnotifiers,https://sites.google.com/d/1FMxzh0Bf32DTxu4bMPf54kNmo0XFHjxb/edit,lh3.googleusercontent.com
1ghhRouKA2A2b2yazASdogDFjWPLp4qV2,Google Requests,https://sites.google.com/d/1ghhRouKA2A2b2yazASdogDFjWPLp4qV2/edit,support.google.com
1ghhRouKA2A2b2yazASdogDFjWPLp4qV2,Google Requests,https://sites.google.com/d/1ghhRouKA2A2b2yazASdogDFjWPLp4qV2/edit,accounts.google.com
1ghhRouKA2A2b2yazASdogDFjWPLp4qV2,Google Requests,https://sites.google.com/d/1ghhRouKA2A2b2yazASdogDFjWPLp4qV2/edit,ssl.gstatic.com
1ghhRouKA2A2b2yazASdogDFjWPLp4qV2,Google Requests,https://sites.google.com/d/1ghhRouKA2A2b2yazASdogDFjWPLp4qV2/edit,lh3.googleusercontent.com
1YgwyRBk1dUEyfGDB5eYfBRc5cv2fJoBs,Untitled site,https://sites.google.com/d/1YgwyRBk1dUEyfGDB5eYfBRc5cv2fJoBs/edit,support.google.com
1YgwyRBk1dUEyfGDB5eYfBRc5cv2fJoBs,Untitled site,https://sites.google.com/d/1YgwyRBk1dUEyfGDB5eYfBRc5cv2fJoBs/edit,accounts.google.com
1YgwyRBk1dUEyfGDB5eYfBRc5cv2fJoBs,Untitled site,https://sites.google.com/d/1YgwyRBk1dUEyfGDB5eYfBRc5cv2fJoBs/edit,ssl.gstatic.com
1YgwyRBk1dUEyfGDB5eYfBRc5cv2fJoBs,Untitled site,https://sites.google.com/d/1YgwyRBk1dUEyfGDB5eYfBRc5cv2fJoBs/edit,lh3.googleusercontent.com
1DmyjqecunNljgk5UDBoeQmcp7az-hmN7,Untitled site,https://sites.google.com/d/1DmyjqecunNljgk5UDBoeQmcp7az-hmN7/edit,support.google.com
1DmyjqecunNljgk5UDBoeQmcp7az-hmN7,Untitled site,https://sites.google.com/d/1DmyjqecunNljgk5UDBoeQmcp7az-hmN7/edit,accounts.google.com
1DmyjqecunNljgk5UDBoeQmcp7az-hmN7,Untitled site,https://sites.google.com/d/1DmyjqecunNljgk5UDBoeQmcp7az-hmN7/edit,ssl.gstatic.com
1DmyjqecunNljgk5UDBoeQmcp7az-hmN7,Untitled site,https://sites.google.com/d/1DmyjqecunNljgk5UDBoeQmcp7az-hmN7/edit,lh3.googleusercontent.com
1RY8Djr0NVQ42h7sn7rpyUR_dJCYO9sOG,Gmail Best practices and Common errors,https://sites.google.com/d/1RY8Djr0NVQ42h7sn7rpyUR_dJCYO9sOG/edit,support.google.com
1RY8Djr0NVQ42h7sn7rpyUR_dJCYO9sOG,Gmail Best practices and Common errors,https://sites.google.com/d/1RY8Djr0NVQ42h7sn7rpyUR_dJCYO9sOG/edit,accounts.google.com
1RY8Djr0NVQ42h7sn7rpyUR_dJCYO9sOG,Gmail Best practices and Common errors,https://sites.google.com/d/1RY8Djr0NVQ42h7sn7rpyUR_dJCYO9sOG/edit,ssl.gstatic.com
1RY8Djr0NVQ42h7sn7rpyUR_dJCYO9sOG,Gmail Best practices and Common errors,https://sites.google.com/d/1RY8Djr0NVQ42h7sn7rpyUR_dJCYO9sOG/edit,lh3.googleusercontent.com
1_J6bzHX0qN9JQQFk0S9kSQDCP3T7OYmU,test not shared,https://sites.google.com/d/1_J6bzHX0qN9JQQFk0S9kSQDCP3T7OYmU/edit,support.google.com
1_J6bzHX0qN9JQQFk0S9kSQDCP3T7OYmU,test not shared,https://sites.google.com/d/1_J6bzHX0qN9JQQFk0S9kSQDCP3T7OYmU/edit,accounts.google.com
1_J6bzHX0qN9JQQFk0S9kSQDCP3T7OYmU,test not shared,https://sites.google.com/d/1_J6bzHX0qN9JQQFk0S9kSQDCP3T7OYmU/edit,ssl.gstatic.com
1_J6bzHX0qN9JQQFk0S9kSQDCP3T7OYmU,test not shared,https://sites.google.com/d/1_J6bzHX0qN9JQQFk0S9kSQDCP3T7OYmU/edit,lh3.googleusercontent.com
1Fv9dassf3JU2Jf7zRT0oApdSI9ZFRVQM,"Messaging, Realtime & Web conferencing Releases — Converted from Classic Sites",https://sites.google.com/d/1Fv9dassf3JU2Jf7zRT0oApdSI9ZFRVQM/edit,support.google.com
1Fv9dassf3JU2Jf7zRT0oApdSI9ZFRVQM,"Messaging, Realtime & Web conferencing Releases — Converted from Classic Sites",https://sites.google.com/d/1Fv9dassf3JU2Jf7zRT0oApdSI9ZFRVQM/edit,accounts.google.com
1Fv9dassf3JU2Jf7zRT0oApdSI9ZFRVQM,"Messaging, Realtime & Web conferencing Releases — Converted from Classic Sites",https://sites.google.com/d/1Fv9dassf3JU2Jf7zRT0oApdSI9ZFRVQM/edit,ssl.gstatic.com
1Fv9dassf3JU2Jf7zRT0oApdSI9ZFRVQM,"Messaging, Realtime & Web conferencing Releases — Converted from Classic Sites",https://sites.google.com/d/1Fv9dassf3JU2Jf7zRT0oApdSI9ZFRVQM/edit,lh3.googleusercontent.com
1rvJHO3hpqVWTNvlZquWRstLAACRAy26E,Boost Your Talent,https://sites.google.com/d/1rvJHO3hpqVWTNvlZquWRstLAACRAy26E/edit,support.google.com
1rvJHO3hpqVWTNvlZquWRstLAACRAy26E,Boost Your Talent,https://sites.google.com/d/1rvJHO3hpqVWTNvlZquWRstLAACRAy26E/edit,accounts.google.com
1rvJHO3hpqVWTNvlZquWRstLAACRAy26E,Boost Your Talent,https://sites.google.com/d/1rvJHO3hpqVWTNvlZquWRstLAACRAy26E/edit,ssl.gstatic.com
1rvJHO3hpqVWTNvlZquWRstLAACRAy26E,Boost Your Talent,https://sites.google.com/d/1rvJHO3hpqVWTNvlZquWRstLAACRAy26E/edit,lh3.googleusercontent.com
1usWcyZHBMzl7hjHEcFg9De0H4a5tImzb,Test New Sites Fernando,https://sites.google.com/d/1usWcyZHBMzl7hjHEcFg9De0H4a5tImzb/edit,support.google.com
1usWcyZHBMzl7hjHEcFg9De0H4a5tImzb,Test New Sites Fernando,https://sites.google.com/d/1usWcyZHBMzl7hjHEcFg9De0H4a5tImzb/edit,accounts.google.com
1usWcyZHBMzl7hjHEcFg9De0H4a5tImzb,Test New Sites Fernando,https://sites.google.com/d/1usWcyZHBMzl7hjHEcFg9De0H4a5tImzb/edit,ssl.gstatic.com
1usWcyZHBMzl7hjHEcFg9De0H4a5tImzb,Test New Sites Fernando,https://sites.google.com/d/1usWcyZHBMzl7hjHEcFg9De0H4a5tImzb/edit,lh3.googleusercontent.com
1NYrddo5DHf9MACaQ7gF-YP3yKr7a7G4m,Test para convertir a nuevo gsites — Converted from Classic Sites,https://sites.google.com/d/1NYrddo5DHf9MACaQ7gF-YP3yKr7a7G4m/edit,support.google.com
1NYrddo5DHf9MACaQ7gF-YP3yKr7a7G4m,Test para convertir a nuevo gsites — Converted from Classic Sites,https://sites.google.com/d/1NYrddo5DHf9MACaQ7gF-YP3yKr7a7G4m/edit,accounts.google.com
1NYrddo5DHf9MACaQ7gF-YP3yKr7a7G4m,Test para convertir a nuevo gsites — Converted from Classic Sites,https://sites.google.com/d/1NYrddo5DHf9MACaQ7gF-YP3yKr7a7G4m/edit,ssl.gstatic.com
1NYrddo5DHf9MACaQ7gF-YP3yKr7a7G4m,Test para convertir a nuevo gsites — Converted from Classic Sites,https://sites.google.com/d/1NYrddo5DHf9MACaQ7gF-YP3yKr7a7G4m/edit,lh3.googleusercontent.com
1Mrj-t_XnnHXAVABFR0dnGICrwifnoMK9,Copy of DME site,https://sites.google.com/d/1Mrj-t_XnnHXAVABFR0dnGICrwifnoMK9/edit,support.google.com
1Mrj-t_XnnHXAVABFR0dnGICrwifnoMK9,Copy of DME site,https://sites.google.com/d/1Mrj-t_XnnHXAVABFR0dnGICrwifnoMK9/edit,accounts.google.com
1Mrj-t_XnnHXAVABFR0dnGICrwifnoMK9,Copy of DME site,https://sites.google.com/d/1Mrj-t_XnnHXAVABFR0dnGICrwifnoMK9/edit,ssl.gstatic.com
1Mrj-t_XnnHXAVABFR0dnGICrwifnoMK9,Copy of DME site,https://sites.google.com/d/1Mrj-t_XnnHXAVABFR0dnGICrwifnoMK9/edit,lh3.googleusercontent.com
1qL_D0qQMy-qmEikW0rIe_fKss6ClEyJP,Copy of Informatics Campus,https://sites.google.com/d/1qL_D0qQMy-qmEikW0rIe_fKss6ClEyJP/edit,support.google.com
1qL_D0qQMy-qmEikW0rIe_fKss6ClEyJP,Copy of Informatics Campus,https://sites.google.com/d/1qL_D0qQMy-qmEikW0rIe_fKss6ClEyJP/edit,accounts.google.com
1qL_D0qQMy-qmEikW0rIe_fKss6ClEyJP,Copy of Informatics Campus,https://sites.google.com/d/1qL_D0qQMy-qmEikW0rIe_fKss6ClEyJP/edit,ssl.gstatic.com
1qL_D0qQMy-qmEikW0rIe_fKss6ClEyJP,Copy of Informatics Campus,https://sites.google.com/d/1qL_D0qQMy-qmEikW0rIe_fKss6ClEyJP/edit,lh3.googleusercontent.com
1EBRyipto9CBZ42b3eat7GTe5VRrMU37-,asdfasite,https://sites.google.com/d/1EBRyipto9CBZ42b3eat7GTe5VRrMU37-/edit,support.google.com
1EBRyipto9CBZ42b3eat7GTe5VRrMU37-,asdfasite,https://sites.google.com/d/1EBRyipto9CBZ42b3eat7GTe5VRrMU37-/edit,accounts.google.com
1EBRyipto9CBZ42b3eat7GTe5VRrMU37-,asdfasite,https://sites.google.com/d/1EBRyipto9CBZ42b3eat7GTe5VRrMU37-/edit,ssl.gstatic.com
1EBRyipto9CBZ42b3eat7GTe5VRrMU37-,asdfasite,https://sites.google.com/d/1EBRyipto9CBZ42b3eat7GTe5VRrMU37-/edit,lh3.googleusercontent.com
1wmusANhQYxTl7zpASD5kml63rBcCfpva,Drag & Drop - solution presentation,https://sites.google.com/d/1wmusANhQYxTl7zpASD5kml63rBcCfpva/edit,support.google.com
1wmusANhQYxTl7zpASD5kml63rBcCfpva,Drag & Drop - solution presentation,https://sites.google.com/d/1wmusANhQYxTl7zpASD5kml63rBcCfpva/edit,accounts.google.com
1wmusANhQYxTl7zpASD5kml63rBcCfpva,Drag & Drop - solution presentation,https://sites.google.com/d/1wmusANhQYxTl7zpASD5kml63rBcCfpva/edit,ssl.gstatic.com
1wmusANhQYxTl7zpASD5kml63rBcCfpva,Drag & Drop - solution presentation,https://sites.google.com/d/1wmusANhQYxTl7zpASD5kml63rBcCfpva/edit,lh3.googleusercontent.com
17yjYlnomW0KNA7yOtziLyt1U6OEnaLKG,"G Suite Factory | Collection of ""Notebooks""",https://sites.google.com/d/17yjYlnomW0KNA7yOtziLyt1U6OEnaLKG/edit,support.google.com
17yjYlnomW0KNA7yOtziLyt1U6OEnaLKG,"G Suite Factory | Collection of ""Notebooks""",https://sites.google.com/d/17yjYlnomW0KNA7yOtziLyt1U6OEnaLKG/edit,accounts.google.com
17yjYlnomW0KNA7yOtziLyt1U6OEnaLKG,"G Suite Factory | Collection of ""Notebooks""",https://sites.google.com/d/17yjYlnomW0KNA7yOtziLyt1U6OEnaLKG/edit,ssl.gstatic.com
17yjYlnomW0KNA7yOtziLyt1U6OEnaLKG,"G Suite Factory | Collection of ""Notebooks""",https://sites.google.com/d/17yjYlnomW0KNA7yOtziLyt1U6OEnaLKG/edit,lh3.googleusercontent.com
1OiQSCw61gZh1PZqlslzaX179nAbnRWoV,Project,https://sites.google.com/d/1OiQSCw61gZh1PZqlslzaX179nAbnRWoV/edit,support.google.com
1OiQSCw61gZh1PZqlslzaX179nAbnRWoV,Project,https://sites.google.com/d/1OiQSCw61gZh1PZqlslzaX179nAbnRWoV/edit,accounts.google.com
1OiQSCw61gZh1PZqlslzaX179nAbnRWoV,Project,https://sites.google.com/d/1OiQSCw61gZh1PZqlslzaX179nAbnRWoV/edit,ssl.gstatic.com
1OiQSCw61gZh1PZqlslzaX179nAbnRWoV,Project,https://sites.google.com/d/1OiQSCw61gZh1PZqlslzaX179nAbnRWoV/edit,lh3.googleusercontent.com
1JEnHIzt7fse2c_-nK51rXW4In4nB_U-W,Project,https://sites.google.com/d/1JEnHIzt7fse2c_-nK51rXW4In4nB_U-W/edit,support.google.com
1JEnHIzt7fse2c_-nK51rXW4In4nB_U-W,Project,https://sites.google.com/d/1JEnHIzt7fse2c_-nK51rXW4In4nB_U-W/edit,accounts.google.com
1JEnHIzt7fse2c_-nK51rXW4In4nB_U-W,Project,https://sites.google.com/d/1JEnHIzt7fse2c_-nK51rXW4In4nB_U-W/edit,ssl.gstatic.com
1JEnHIzt7fse2c_-nK51rXW4In4nB_U-W,Project,https://sites.google.com/d/1JEnHIzt7fse2c_-nK51rXW4In4nB_U-W/edit,lh3.googleusercontent.com
1CRW6zH9C31o7lF11kLo-bnXg5CvV9cok,CHANEL MARKETING STATUS REPORT,https://sites.google.com/d/1CRW6zH9C31o7lF11kLo-bnXg5CvV9cok/edit,support.google.com
1CRW6zH9C31o7lF11kLo-bnXg5CvV9cok,CHANEL MARKETING STATUS REPORT,https://sites.google.com/d/1CRW6zH9C31o7lF11kLo-bnXg5CvV9cok/edit,accounts.google.com
1CRW6zH9C31o7lF11kLo-bnXg5CvV9cok,CHANEL MARKETING STATUS REPORT,https://sites.google.com/d/1CRW6zH9C31o7lF11kLo-bnXg5CvV9cok/edit,ssl.gstatic.com
1CRW6zH9C31o7lF11kLo-bnXg5CvV9cok,CHANEL MARKETING STATUS REPORT,https://sites.google.com/d/1CRW6zH9C31o7lF11kLo-bnXg5CvV9cok/edit,lh3.googleusercontent.com
1w9EAyjqAPYG8pr9aiANYWOONN_YMDQz8,Untitled site,https://sites.google.com/d/1w9EAyjqAPYG8pr9aiANYWOONN_YMDQz8/edit,support.google.com
1w9EAyjqAPYG8pr9aiANYWOONN_YMDQz8,Untitled site,https://sites.google.com/d/1w9EAyjqAPYG8pr9aiANYWOONN_YMDQz8/edit,accounts.google.com
1w9EAyjqAPYG8pr9aiANYWOONN_YMDQz8,Untitled site,https://sites.google.com/d/1w9EAyjqAPYG8pr9aiANYWOONN_YMDQz8/edit,ssl.gstatic.com
1w9EAyjqAPYG8pr9aiANYWOONN_YMDQz8,Untitled site,https://sites.google.com/d/1w9EAyjqAPYG8pr9aiANYWOONN_YMDQz8/edit,lh3.googleusercontent.com
1c4ezggTZ7AQm43JMJ4tgOGPBG3iV4VE2,Untitled site,https://sites.google.com/d/1c4ezggTZ7AQm43JMJ4tgOGPBG3iV4VE2/edit,support.google.com
1c4ezggTZ7AQm43JMJ4tgOGPBG3iV4VE2,Untitled site,https://sites.google.com/d/1c4ezggTZ7AQm43JMJ4tgOGPBG3iV4VE2/edit,accounts.google.com
1c4ezggTZ7AQm43JMJ4tgOGPBG3iV4VE2,Untitled site,https://sites.google.com/d/1c4ezggTZ7AQm43JMJ4tgOGPBG3iV4VE2/edit,ssl.gstatic.com
1c4ezggTZ7AQm43JMJ4tgOGPBG3iV4VE2,Untitled site,https://sites.google.com/d/1c4ezggTZ7AQm43JMJ4tgOGPBG3iV4VE2/edit,lh3.googleusercontent.com
15XCJl_eC_Mm6h4YTamLtKoLucLv4V4y7,Example,https://sites.google.com/d/15XCJl_eC_Mm6h4YTamLtKoLucLv4V4y7/edit,support.google.com
15XCJl_eC_Mm6h4YTamLtKoLucLv4V4y7,Example,https://sites.google.com/d/15XCJl_eC_Mm6h4YTamLtKoLucLv4V4y7/edit,accounts.google.com
15XCJl_eC_Mm6h4YTamLtKoLucLv4V4y7,Example,https://sites.google.com/d/15XCJl_eC_Mm6h4YTamLtKoLucLv4V4y7/edit,ssl.gstatic.com
15XCJl_eC_Mm6h4YTamLtKoLucLv4V4y7,Example,https://sites.google.com/d/15XCJl_eC_Mm6h4YTamLtKoLucLv4V4y7/edit,lh3.googleusercontent.com
1vdVjjPqnJ0nAh5XBBQU55RH9K6uNYLBX,Event1,https://sites.google.com/d/1vdVjjPqnJ0nAh5XBBQU55RH9K6uNYLBX/edit,support.google.com
1vdVjjPqnJ0nAh5XBBQU55RH9K6uNYLBX,Event1,https://sites.google.com/d/1vdVjjPqnJ0nAh5XBBQU55RH9K6uNYLBX/edit,accounts.google.com
1vdVjjPqnJ0nAh5XBBQU55RH9K6uNYLBX,Event1,https://sites.google.com/d/1vdVjjPqnJ0nAh5XBBQU55RH9K6uNYLBX/edit,ssl.gstatic.com
1vdVjjPqnJ0nAh5XBBQU55RH9K6uNYLBX,Event1,https://sites.google.com/d/1vdVjjPqnJ0nAh5XBBQU55RH9K6uNYLBX/edit,lh3.googleusercontent.com
14W_Dqb1yTC_1zAns31reT7V-3pcbFV-m,Untitled site,https://sites.google.com/d/14W_Dqb1yTC_1zAns31reT7V-3pcbFV-m/edit,support.google.com
14W_Dqb1yTC_1zAns31reT7V-3pcbFV-m,Untitled site,https://sites.google.com/d/14W_Dqb1yTC_1zAns31reT7V-3pcbFV-m/edit,accounts.google.com
14W_Dqb1yTC_1zAns31reT7V-3pcbFV-m,Untitled site,https://sites.google.com/d/14W_Dqb1yTC_1zAns31reT7V-3pcbFV-m/edit,ssl.gstatic.com
14W_Dqb1yTC_1zAns31reT7V-3pcbFV-m,Untitled site,https://sites.google.com/d/14W_Dqb1yTC_1zAns31reT7V-3pcbFV-m/edit,lh3.googleusercontent.com
1nSSyHX7o8X_D7xjhBmLt5FNdP1bWd9Ha,Untitled site,https://sites.google.com/d/1nSSyHX7o8X_D7xjhBmLt5FNdP1bWd9Ha/edit,support.google.com
1nSSyHX7o8X_D7xjhBmLt5FNdP1bWd9Ha,Untitled site,https://sites.google.com/d/1nSSyHX7o8X_D7xjhBmLt5FNdP1bWd9Ha/edit,accounts.google.com
1nSSyHX7o8X_D7xjhBmLt5FNdP1bWd9Ha,Untitled site,https://sites.google.com/d/1nSSyHX7o8X_D7xjhBmLt5FNdP1bWd9Ha/edit,ssl.gstatic.com
1nSSyHX7o8X_D7xjhBmLt5FNdP1bWd9Ha,Untitled site,https://sites.google.com/d/1nSSyHX7o8X_D7xjhBmLt5FNdP1bWd9Ha/edit,lh3.googleusercontent.com
1txW1QlAongQJpysZHyz-aD8n7HWXjoQP,Untitled site,https://sites.google.com/d/1txW1QlAongQJpysZHyz-aD8n7HWXjoQP/edit,support.google.com
1txW1QlAongQJpysZHyz-aD8n7HWXjoQP,Untitled site,https://sites.google.com/d/1txW1QlAongQJpysZHyz-aD8n7HWXjoQP/edit,accounts.google.com
1txW1QlAongQJpysZHyz-aD8n7HWXjoQP,Untitled site,https://sites.google.com/d/1txW1QlAongQJpysZHyz-aD8n7HWXjoQP/edit,ssl.gstatic.com
1txW1QlAongQJpysZHyz-aD8n7HWXjoQP,Untitled site,https://sites.google.com/d/1txW1QlAongQJpysZHyz-aD8n7HWXjoQP/edit,lh3.googleusercontent.com
1ZNK2NOq2xAa7M9oAHDHhaq_jUSq4Mk2L,Domain-Wide Delegation Access,https://sites.google.com/d/1ZNK2NOq2xAa7M9oAHDHhaq_jUSq4Mk2L/edit,support.google.com
1ZNK2NOq2xAa7M9oAHDHhaq_jUSq4Mk2L,Domain-Wide Delegation Access,https://sites.google.com/d/1ZNK2NOq2xAa7M9oAHDHhaq_jUSq4Mk2L/edit,accounts.google.com
1ZNK2NOq2xAa7M9oAHDHhaq_jUSq4Mk2L,Domain-Wide Delegation Access,https://sites.google.com/d/1ZNK2NOq2xAa7M9oAHDHhaq_jUSq4Mk2L/edit,ssl.gstatic.com
1ZNK2NOq2xAa7M9oAHDHhaq_jUSq4Mk2L,Domain-Wide Delegation Access,https://sites.google.com/d/1ZNK2NOq2xAa7M9oAHDHhaq_jUSq4Mk2L/edit,lh3.googleusercontent.com
1cfrPZaatAAGDgGtVsOFwHZnn9hpm_K6N,Untitled site,https://sites.google.com/d/1cfrPZaatAAGDgGtVsOFwHZnn9hpm_K6N/edit,support.google.com
1cfrPZaatAAGDgGtVsOFwHZnn9hpm_K6N,Untitled site,https://sites.google.com/d/1cfrPZaatAAGDgGtVsOFwHZnn9hpm_K6N/edit,accounts.google.com
1cfrPZaatAAGDgGtVsOFwHZnn9hpm_K6N,Untitled site,https://sites.google.com/d/1cfrPZaatAAGDgGtVsOFwHZnn9hpm_K6N/edit,ssl.gstatic.com
1cfrPZaatAAGDgGtVsOFwHZnn9hpm_K6N,Untitled site,https://sites.google.com/d/1cfrPZaatAAGDgGtVsOFwHZnn9hpm_K6N/edit,lh3.googleusercontent.com
1253HeW7L6f7hhwYOOwU_OqpWAmgkcT0I,Untitled site,https://sites.google.com/d/1253HeW7L6f7hhwYOOwU_OqpWAmgkcT0I/edit,support.google.com
1253HeW7L6f7hhwYOOwU_OqpWAmgkcT0I,Untitled site,https://sites.google.com/d/1253HeW7L6f7hhwYOOwU_OqpWAmgkcT0I/edit,accounts.google.com
1253HeW7L6f7hhwYOOwU_OqpWAmgkcT0I,Untitled site,https://sites.google.com/d/1253HeW7L6f7hhwYOOwU_OqpWAmgkcT0I/edit,ssl.gstatic.com
1253HeW7L6f7hhwYOOwU_OqpWAmgkcT0I,Untitled site,https://sites.google.com/d/1253HeW7L6f7hhwYOOwU_OqpWAmgkcT0I/edit,lh3.googleusercontent.com
1fHES-LMlGFlhr_An1AyhZTWNWHVZRxaF,Untitled site,https://sites.google.com/d/1fHES-LMlGFlhr_An1AyhZTWNWHVZRxaF/edit,support.google.com
1fHES-LMlGFlhr_An1AyhZTWNWHVZRxaF,Untitled site,https://sites.google.com/d/1fHES-LMlGFlhr_An1AyhZTWNWHVZRxaF/edit,accounts.google.com
1fHES-LMlGFlhr_An1AyhZTWNWHVZRxaF,Untitled site,https://sites.google.com/d/1fHES-LMlGFlhr_An1AyhZTWNWHVZRxaF/edit,ssl.gstatic.com
1fHES-LMlGFlhr_An1AyhZTWNWHVZRxaF,Untitled site,https://sites.google.com/d/1fHES-LMlGFlhr_An1AyhZTWNWHVZRxaF/edit,lh3.googleusercontent.com
12Wb2FhGJe8x-SwEdzkaXatydtO4lGBBT,Untitled site,https://sites.google.com/d/12Wb2FhGJe8x-SwEdzkaXatydtO4lGBBT/edit,support.google.com
12Wb2FhGJe8x-SwEdzkaXatydtO4lGBBT,Untitled site,https://sites.google.com/d/12Wb2FhGJe8x-SwEdzkaXatydtO4lGBBT/edit,accounts.google.com
12Wb2FhGJe8x-SwEdzkaXatydtO4lGBBT,Untitled site,https://sites.google.com/d/12Wb2FhGJe8x-SwEdzkaXatydtO4lGBBT/edit,ssl.gstatic.com
12Wb2FhGJe8x-SwEdzkaXatydtO4lGBBT,Untitled site,https://sites.google.com/d/12Wb2FhGJe8x-SwEdzkaXatydtO4lGBBT/edit,lh3.googleusercontent.com
1PP2_01qIAscuHGwZkG9YOIY8cr0KTEPa,Untitled site,https://sites.google.com/d/1PP2_01qIAscuHGwZkG9YOIY8cr0KTEPa/edit,support.google.com
1PP2_01qIAscuHGwZkG9YOIY8cr0KTEPa,Untitled site,https://sites.google.com/d/1PP2_01qIAscuHGwZkG9YOIY8cr0KTEPa/edit,accounts.google.com
1PP2_01qIAscuHGwZkG9YOIY8cr0KTEPa,Untitled site,https://sites.google.com/d/1PP2_01qIAscuHGwZkG9YOIY8cr0KTEPa/edit,ssl.gstatic.com
1PP2_01qIAscuHGwZkG9YOIY8cr0KTEPa,Untitled site,https://sites.google.com/d/1PP2_01qIAscuHGwZkG9YOIY8cr0KTEPa/edit,lh3.googleusercontent.com
1INZof1MHbyaVkjpT2AbMX2-hu_HbQmeu,Untitled site,https://sites.google.com/d/1INZof1MHbyaVkjpT2AbMX2-hu_HbQmeu/edit,support.google.com
1INZof1MHbyaVkjpT2AbMX2-hu_HbQmeu,Untitled site,https://sites.google.com/d/1INZof1MHbyaVkjpT2AbMX2-hu_HbQmeu/edit,accounts.google.com
1INZof1MHbyaVkjpT2AbMX2-hu_HbQmeu,Untitled site,https://sites.google.com/d/1INZof1MHbyaVkjpT2AbMX2-hu_HbQmeu/edit,ssl.gstatic.com
1INZof1MHbyaVkjpT2AbMX2-hu_HbQmeu,Untitled site,https://sites.google.com/d/1INZof1MHbyaVkjpT2AbMX2-hu_HbQmeu/edit,lh3.googleusercontent.com
1-05PIEpwNoBBvv66E2lsjti6iMhY1nyR,Copy of Copy of Collaboration Suite,https://sites.google.com/d/1-05PIEpwNoBBvv66E2lsjti6iMhY1nyR/edit,support.google.com
1-05PIEpwNoBBvv66E2lsjti6iMhY1nyR,Copy of Copy of Collaboration Suite,https://sites.google.com/d/1-05PIEpwNoBBvv66E2lsjti6iMhY1nyR/edit,accounts.google.com
1-05PIEpwNoBBvv66E2lsjti6iMhY1nyR,Copy of Copy of Collaboration Suite,https://sites.google.com/d/1-05PIEpwNoBBvv66E2lsjti6iMhY1nyR/edit,ssl.gstatic.com
1-05PIEpwNoBBvv66E2lsjti6iMhY1nyR,Copy of Copy of Collaboration Suite,https://sites.google.com/d/1-05PIEpwNoBBvv66E2lsjti6iMhY1nyR/edit,lh3.googleusercontent.com
1mbZoT_2ytNyvhZkzTyzfuiWMXfg8nHRM,Untitled site,https://sites.google.com/d/1mbZoT_2ytNyvhZkzTyzfuiWMXfg8nHRM/edit,support.google.com
1mbZoT_2ytNyvhZkzTyzfuiWMXfg8nHRM,Untitled site,https://sites.google.com/d/1mbZoT_2ytNyvhZkzTyzfuiWMXfg8nHRM/edit,accounts.google.com
1mbZoT_2ytNyvhZkzTyzfuiWMXfg8nHRM,Untitled site,https://sites.google.com/d/1mbZoT_2ytNyvhZkzTyzfuiWMXfg8nHRM/edit,ssl.gstatic.com
1mbZoT_2ytNyvhZkzTyzfuiWMXfg8nHRM,Untitled site,https://sites.google.com/d/1mbZoT_2ytNyvhZkzTyzfuiWMXfg8nHRM/edit,lh3.googleusercontent.com
13VY8oBWqSvNxq2ISTqjh-SuaJ5LIRnLJ,Untitled site,https://sites.google.com/d/13VY8oBWqSvNxq2ISTqjh-SuaJ5LIRnLJ/edit,support.google.com
13VY8oBWqSvNxq2ISTqjh-SuaJ5LIRnLJ,Untitled site,https://sites.google.com/d/13VY8oBWqSvNxq2ISTqjh-SuaJ5LIRnLJ/edit,accounts.google.com
13VY8oBWqSvNxq2ISTqjh-SuaJ5LIRnLJ,Untitled site,https://sites.google.com/d/13VY8oBWqSvNxq2ISTqjh-SuaJ5LIRnLJ/edit,ssl.gstatic.com
13VY8oBWqSvNxq2ISTqjh-SuaJ5LIRnLJ,Untitled site,https://sites.google.com/d/13VY8oBWqSvNxq2ISTqjh-SuaJ5LIRnLJ/edit,lh3.googleusercontent.com
1IwO2lYTbQ139ubxKlENHnlwriaV_VTd-,Paco Test Site,https://sites.google.com/d/1IwO2lYTbQ139ubxKlENHnlwriaV_VTd-/edit,support.google.com
1IwO2lYTbQ139ubxKlENHnlwriaV_VTd-,Paco Test Site,https://sites.google.com/d/1IwO2lYTbQ139ubxKlENHnlwriaV_VTd-/edit,accounts.google.com
1IwO2lYTbQ139ubxKlENHnlwriaV_VTd-,Paco Test Site,https://sites.google.com/d/1IwO2lYTbQ139ubxKlENHnlwriaV_VTd-/edit,ssl.gstatic.com
1IwO2lYTbQ139ubxKlENHnlwriaV_VTd-,Paco Test Site,https://sites.google.com/d/1IwO2lYTbQ139ubxKlENHnlwriaV_VTd-/edit,lh3.googleusercontent.com
1o-cyf6cm37PVbM-yvF-q3jXa_W4zQyOK,DME site,https://sites.google.com/d/1o-cyf6cm37PVbM-yvF-q3jXa_W4zQyOK/edit,support.google.com
1o-cyf6cm37PVbM-yvF-q3jXa_W4zQyOK,DME site,https://sites.google.com/d/1o-cyf6cm37PVbM-yvF-q3jXa_W4zQyOK/edit,accounts.google.com
1o-cyf6cm37PVbM-yvF-q3jXa_W4zQyOK,DME site,https://sites.google.com/d/1o-cyf6cm37PVbM-yvF-q3jXa_W4zQyOK/edit,ssl.gstatic.com
1o-cyf6cm37PVbM-yvF-q3jXa_W4zQyOK,DME site,https://sites.google.com/d/1o-cyf6cm37PVbM-yvF-q3jXa_W4zQyOK/edit,lh3.googleusercontent.com
1etBOHM8uZTIBczgRuo9iRJbokN03ukg6,Untitled site,https://sites.google.com/d/1etBOHM8uZTIBczgRuo9iRJbokN03ukg6/edit,support.google.com
1etBOHM8uZTIBczgRuo9iRJbokN03ukg6,Untitled site,https://sites.google.com/d/1etBOHM8uZTIBczgRuo9iRJbokN03ukg6/edit,accounts.google.com
1etBOHM8uZTIBczgRuo9iRJbokN03ukg6,Untitled site,https://sites.google.com/d/1etBOHM8uZTIBczgRuo9iRJbokN03ukg6/edit,ssl.gstatic.com
1etBOHM8uZTIBczgRuo9iRJbokN03ukg6,Untitled site,https://sites.google.com/d/1etBOHM8uZTIBczgRuo9iRJbokN03ukg6/edit,lh3.googleusercontent.com
1gqumSZ_5gRjfVP0e90p1yzq2WbdJpkKA,Test,https://sites.google.com/d/1gqumSZ_5gRjfVP0e90p1yzq2WbdJpkKA/edit,support.google.com
1gqumSZ_5gRjfVP0e90p1yzq2WbdJpkKA,Test,https://sites.google.com/d/1gqumSZ_5gRjfVP0e90p1yzq2WbdJpkKA/edit,accounts.google.com
1gqumSZ_5gRjfVP0e90p1yzq2WbdJpkKA,Test,https://sites.google.com/d/1gqumSZ_5gRjfVP0e90p1yzq2WbdJpkKA/edit,ssl.gstatic.com
1gqumSZ_5gRjfVP0e90p1yzq2WbdJpkKA,Test,https://sites.google.com/d/1gqumSZ_5gRjfVP0e90p1yzq2WbdJpkKA/edit,lh3.googleusercontent.com
1BJtPGiy8Eauuyl4WD02jOS1RC6KvZ1db,Project,https://sites.google.com/d/1BJtPGiy8Eauuyl4WD02jOS1RC6KvZ1db/edit,support.google.com
1BJtPGiy8Eauuyl4WD02jOS1RC6KvZ1db,Project,https://sites.google.com/d/1BJtPGiy8Eauuyl4WD02jOS1RC6KvZ1db/edit,accounts.google.com
1BJtPGiy8Eauuyl4WD02jOS1RC6KvZ1db,Project,https://sites.google.com/d/1BJtPGiy8Eauuyl4WD02jOS1RC6KvZ1db/edit,ssl.gstatic.com
1BJtPGiy8Eauuyl4WD02jOS1RC6KvZ1db,Project,https://sites.google.com/d/1BJtPGiy8Eauuyl4WD02jOS1RC6KvZ1db/edit,lh3.googleusercontent.com
1D4G-ZHHBJSig-Qd10BBIMC6HP8x3W4RN,Help centre,https://sites.google.com/d/1D4G-ZHHBJSig-Qd10BBIMC6HP8x3W4RN/edit,support.google.com
1D4G-ZHHBJSig-Qd10BBIMC6HP8x3W4RN,Help centre,https://sites.google.com/d/1D4G-ZHHBJSig-Qd10BBIMC6HP8x3W4RN/edit,accounts.google.com
1D4G-ZHHBJSig-Qd10BBIMC6HP8x3W4RN,Help centre,https://sites.google.com/d/1D4G-ZHHBJSig-Qd10BBIMC6HP8x3W4RN/edit,ssl.gstatic.com
1D4G-ZHHBJSig-Qd10BBIMC6HP8x3W4RN,Help centre,https://sites.google.com/d/1D4G-ZHHBJSig-Qd10BBIMC6HP8x3W4RN/edit,lh3.googleusercontent.com
1mAaR_DoyZyr5NXDtgiiIPHXEnRVIaVyg,targ IFNa iMab,https://sites.google.com/d/1mAaR_DoyZyr5NXDtgiiIPHXEnRVIaVyg/edit,support.google.com
1mAaR_DoyZyr5NXDtgiiIPHXEnRVIaVyg,targ IFNa iMab,https://sites.google.com/d/1mAaR_DoyZyr5NXDtgiiIPHXEnRVIaVyg/edit,accounts.google.com
1mAaR_DoyZyr5NXDtgiiIPHXEnRVIaVyg,targ IFNa iMab,https://sites.google.com/d/1mAaR_DoyZyr5NXDtgiiIPHXEnRVIaVyg/edit,ssl.gstatic.com
1mAaR_DoyZyr5NXDtgiiIPHXEnRVIaVyg,targ IFNa iMab,https://sites.google.com/d/1mAaR_DoyZyr5NXDtgiiIPHXEnRVIaVyg/edit,lh3.googleusercontent.com
1WSEYFAet8mLQCt4YFaA7e1IjhY8iXN7u,emea-crm-frontend — Converted from Classic Sites,https://sites.google.com/d/1WSEYFAet8mLQCt4YFaA7e1IjhY8iXN7u/edit,support.google.com
1WSEYFAet8mLQCt4YFaA7e1IjhY8iXN7u,emea-crm-frontend — Converted from Classic Sites,https://sites.google.com/d/1WSEYFAet8mLQCt4YFaA7e1IjhY8iXN7u/edit,accounts.google.com
1WSEYFAet8mLQCt4YFaA7e1IjhY8iXN7u,emea-crm-frontend — Converted from Classic Sites,https://sites.google.com/d/1WSEYFAet8mLQCt4YFaA7e1IjhY8iXN7u/edit,ssl.gstatic.com
1WSEYFAet8mLQCt4YFaA7e1IjhY8iXN7u,emea-crm-frontend — Converted from Classic Sites,https://sites.google.com/d/1WSEYFAet8mLQCt4YFaA7e1IjhY8iXN7u/edit,lh3.googleusercontent.com
1U8mMU3Ux3-hGhWdcYEjnXVlKAA83J0Lo,Simplifi Learning Journey,https://sites.google.com/d/1U8mMU3Ux3-hGhWdcYEjnXVlKAA83J0Lo/edit,support.google.com
1U8mMU3Ux3-hGhWdcYEjnXVlKAA83J0Lo,Simplifi Learning Journey,https://sites.google.com/d/1U8mMU3Ux3-hGhWdcYEjnXVlKAA83J0Lo/edit,accounts.google.com
1U8mMU3Ux3-hGhWdcYEjnXVlKAA83J0Lo,Simplifi Learning Journey,https://sites.google.com/d/1U8mMU3Ux3-hGhWdcYEjnXVlKAA83J0Lo/edit,ssl.gstatic.com
1U8mMU3Ux3-hGhWdcYEjnXVlKAA83J0Lo,Simplifi Learning Journey,https://sites.google.com/d/1U8mMU3Ux3-hGhWdcYEjnXVlKAA83J0Lo/edit,lh3.googleusercontent.com
1UwIw3473VGhywZ-Ihpgkcgs-iNsJ6B1h,Roche Template,https://sites.google.com/d/1UwIw3473VGhywZ-Ihpgkcgs-iNsJ6B1h/edit,support.google.com
1UwIw3473VGhywZ-Ihpgkcgs-iNsJ6B1h,Roche Template,https://sites.google.com/d/1UwIw3473VGhywZ-Ihpgkcgs-iNsJ6B1h/edit,accounts.google.com
1UwIw3473VGhywZ-Ihpgkcgs-iNsJ6B1h,Roche Template,https://sites.google.com/d/1UwIw3473VGhywZ-Ihpgkcgs-iNsJ6B1h/edit,ssl.gstatic.com
1UwIw3473VGhywZ-Ihpgkcgs-iNsJ6B1h,Roche Template,https://sites.google.com/d/1UwIw3473VGhywZ-Ihpgkcgs-iNsJ6B1h/edit,lh3.googleusercontent.com
1F5Al_DxZjA8TLuPnO1UXk3f0pvziT1Up,Untitled site,https://sites.google.com/d/1F5Al_DxZjA8TLuPnO1UXk3f0pvziT1Up/edit,support.google.com
1F5Al_DxZjA8TLuPnO1UXk3f0pvziT1Up,Untitled site,https://sites.google.com/d/1F5Al_DxZjA8TLuPnO1UXk3f0pvziT1Up/edit,accounts.google.com
1F5Al_DxZjA8TLuPnO1UXk3f0pvziT1Up,Untitled site,https://sites.google.com/d/1F5Al_DxZjA8TLuPnO1UXk3f0pvziT1Up/edit,ssl.gstatic.com
1F5Al_DxZjA8TLuPnO1UXk3f0pvziT1Up,Untitled site,https://sites.google.com/d/1F5Al_DxZjA8TLuPnO1UXk3f0pvziT1Up/edit,lh3.googleusercontent.com
1s52lpzSk-9_WuvKS2Ln6SEXnq2IZ6w7s,Project,https://sites.google.com/d/1s52lpzSk-9_WuvKS2Ln6SEXnq2IZ6w7s/edit,support.google.com
1s52lpzSk-9_WuvKS2Ln6SEXnq2IZ6w7s,Project,https://sites.google.com/d/1s52lpzSk-9_WuvKS2Ln6SEXnq2IZ6w7s/edit,accounts.google.com
1s52lpzSk-9_WuvKS2Ln6SEXnq2IZ6w7s,Project,https://sites.google.com/d/1s52lpzSk-9_WuvKS2Ln6SEXnq2IZ6w7s/edit,ssl.gstatic.com
1s52lpzSk-9_WuvKS2Ln6SEXnq2IZ6w7s,Project,https://sites.google.com/d/1s52lpzSk-9_WuvKS2Ln6SEXnq2IZ6w7s/edit,lh3.googleusercontent.com
1KPHMkA4c3WCBRcUvWu7nIGIKFgulvE41,Izzati Test,https://sites.google.com/d/1KPHMkA4c3WCBRcUvWu7nIGIKFgulvE41/edit,support.google.com
1KPHMkA4c3WCBRcUvWu7nIGIKFgulvE41,Izzati Test,https://sites.google.com/d/1KPHMkA4c3WCBRcUvWu7nIGIKFgulvE41/edit,accounts.google.com
1KPHMkA4c3WCBRcUvWu7nIGIKFgulvE41,Izzati Test,https://sites.google.com/d/1KPHMkA4c3WCBRcUvWu7nIGIKFgulvE41/edit,ssl.gstatic.com
1KPHMkA4c3WCBRcUvWu7nIGIKFgulvE41,Izzati Test,https://sites.google.com/d/1KPHMkA4c3WCBRcUvWu7nIGIKFgulvE41/edit,lh3.googleusercontent.com
1-WtDvj7KNeMxof8GosyG474Fh-UAfqCM,Untitled site,https://sites.google.com/d/1-WtDvj7KNeMxof8GosyG474Fh-UAfqCM/edit,support.google.com
1-WtDvj7KNeMxof8GosyG474Fh-UAfqCM,Untitled site,https://sites.google.com/d/1-WtDvj7KNeMxof8GosyG474Fh-UAfqCM/edit,accounts.google.com
1-WtDvj7KNeMxof8GosyG474Fh-UAfqCM,Untitled site,https://sites.google.com/d/1-WtDvj7KNeMxof8GosyG474Fh-UAfqCM/edit,ssl.gstatic.com
1-WtDvj7KNeMxof8GosyG474Fh-UAfqCM,Untitled site,https://sites.google.com/d/1-WtDvj7KNeMxof8GosyG474Fh-UAfqCM/edit,lh3.googleusercontent.com
1hL8WE4M3TZCkPs5RfhxA4BOGR6m_oIV_,iKnow Informatics SNow SPM,https://sites.google.com/d/1hL8WE4M3TZCkPs5RfhxA4BOGR6m_oIV_/edit,support.google.com
1hL8WE4M3TZCkPs5RfhxA4BOGR6m_oIV_,iKnow Informatics SNow SPM,https://sites.google.com/d/1hL8WE4M3TZCkPs5RfhxA4BOGR6m_oIV_/edit,accounts.google.com
1hL8WE4M3TZCkPs5RfhxA4BOGR6m_oIV_,iKnow Informatics SNow SPM,https://sites.google.com/d/1hL8WE4M3TZCkPs5RfhxA4BOGR6m_oIV_/edit,ssl.gstatic.com
1hL8WE4M3TZCkPs5RfhxA4BOGR6m_oIV_,iKnow Informatics SNow SPM,https://sites.google.com/d/1hL8WE4M3TZCkPs5RfhxA4BOGR6m_oIV_/edit,lh3.googleusercontent.com
1gn3SGnMIlsE6TY9tNY4lCUjVTd7r6wFu,Transparency Goal  — Converted from Classic Sites,https://sites.google.com/d/1gn3SGnMIlsE6TY9tNY4lCUjVTd7r6wFu/edit,support.google.com
1gn3SGnMIlsE6TY9tNY4lCUjVTd7r6wFu,Transparency Goal  — Converted from Classic Sites,https://sites.google.com/d/1gn3SGnMIlsE6TY9tNY4lCUjVTd7r6wFu/edit,accounts.google.com
1gn3SGnMIlsE6TY9tNY4lCUjVTd7r6wFu,Transparency Goal  — Converted from Classic Sites,https://sites.google.com/d/1gn3SGnMIlsE6TY9tNY4lCUjVTd7r6wFu/edit,ssl.gstatic.com
1gn3SGnMIlsE6TY9tNY4lCUjVTd7r6wFu,Transparency Goal  — Converted from Classic Sites,https://sites.google.com/d/1gn3SGnMIlsE6TY9tNY4lCUjVTd7r6wFu/edit,lh3.googleusercontent.com
1sCgVauOUfel_qle6LmfAWjQBdFV5yTAy,Help Center,https://sites.google.com/d/1sCgVauOUfel_qle6LmfAWjQBdFV5yTAy/edit,support.google.com
1sCgVauOUfel_qle6LmfAWjQBdFV5yTAy,Help Center,https://sites.google.com/d/1sCgVauOUfel_qle6LmfAWjQBdFV5yTAy/edit,accounts.google.com
1sCgVauOUfel_qle6LmfAWjQBdFV5yTAy,Help Center,https://sites.google.com/d/1sCgVauOUfel_qle6LmfAWjQBdFV5yTAy/edit,ssl.gstatic.com
1sCgVauOUfel_qle6LmfAWjQBdFV5yTAy,Help Center,https://sites.google.com/d/1sCgVauOUfel_qle6LmfAWjQBdFV5yTAy/edit,lh3.googleusercontent.com
1uLdz58_-km-DtaiLkPJv02iDPIpXATyA,TM Priorities & Operating Model,https://sites.google.com/d/1uLdz58_-km-DtaiLkPJv02iDPIpXATyA/edit,support.google.com
1uLdz58_-km-DtaiLkPJv02iDPIpXATyA,TM Priorities & Operating Model,https://sites.google.com/d/1uLdz58_-km-DtaiLkPJv02iDPIpXATyA/edit,accounts.google.com
1uLdz58_-km-DtaiLkPJv02iDPIpXATyA,TM Priorities & Operating Model,https://sites.google.com/d/1uLdz58_-km-DtaiLkPJv02iDPIpXATyA/edit,ssl.gstatic.com
1uLdz58_-km-DtaiLkPJv02iDPIpXATyA,TM Priorities & Operating Model,https://sites.google.com/d/1uLdz58_-km-DtaiLkPJv02iDPIpXATyA/edit,lh3.googleusercontent.com
11LxujM24rZJoDdXG1aGX75_YNEAqcNyF,Help Center,https://sites.google.com/d/11LxujM24rZJoDdXG1aGX75_YNEAqcNyF/edit,support.google.com
11LxujM24rZJoDdXG1aGX75_YNEAqcNyF,Help Center,https://sites.google.com/d/11LxujM24rZJoDdXG1aGX75_YNEAqcNyF/edit,accounts.google.com
11LxujM24rZJoDdXG1aGX75_YNEAqcNyF,Help Center,https://sites.google.com/d/11LxujM24rZJoDdXG1aGX75_YNEAqcNyF/edit,ssl.gstatic.com
11LxujM24rZJoDdXG1aGX75_YNEAqcNyF,Help Center,https://sites.google.com/d/11LxujM24rZJoDdXG1aGX75_YNEAqcNyF/edit,lh3.googleusercontent.com
15fH-GTDEXVzVyBLiSvw4RbbARMsJhcvM,Portal,https://sites.google.com/d/15fH-GTDEXVzVyBLiSvw4RbbARMsJhcvM/edit,support.google.com
15fH-GTDEXVzVyBLiSvw4RbbARMsJhcvM,Portal,https://sites.google.com/d/15fH-GTDEXVzVyBLiSvw4RbbARMsJhcvM/edit,accounts.google.com
15fH-GTDEXVzVyBLiSvw4RbbARMsJhcvM,Portal,https://sites.google.com/d/15fH-GTDEXVzVyBLiSvw4RbbARMsJhcvM/edit,ssl.gstatic.com
15fH-GTDEXVzVyBLiSvw4RbbARMsJhcvM,Portal,https://sites.google.com/d/15fH-GTDEXVzVyBLiSvw4RbbARMsJhcvM/edit,lh3.googleusercontent.com
1Qn7gRFq-UkjUyuTgp7fwxH_ywVDGhpwt,Portal,https://sites.google.com/d/1Qn7gRFq-UkjUyuTgp7fwxH_ywVDGhpwt/edit,support.google.com
1Qn7gRFq-UkjUyuTgp7fwxH_ywVDGhpwt,Portal,https://sites.google.com/d/1Qn7gRFq-UkjUyuTgp7fwxH_ywVDGhpwt/edit,accounts.google.com
1Qn7gRFq-UkjUyuTgp7fwxH_ywVDGhpwt,Portal,https://sites.google.com/d/1Qn7gRFq-UkjUyuTgp7fwxH_ywVDGhpwt/edit,ssl.gstatic.com
1Qn7gRFq-UkjUyuTgp7fwxH_ywVDGhpwt,Portal,https://sites.google.com/d/1Qn7gRFq-UkjUyuTgp7fwxH_ywVDGhpwt/edit,lh3.googleusercontent.com
1NkaWu140IrXetGCokRQAwhaLq4tDDozC,Copy of TMRF,https://sites.google.com/d/1NkaWu140IrXetGCokRQAwhaLq4tDDozC/edit,support.google.com
1NkaWu140IrXetGCokRQAwhaLq4tDDozC,Copy of TMRF,https://sites.google.com/d/1NkaWu140IrXetGCokRQAwhaLq4tDDozC/edit,accounts.google.com
1NkaWu140IrXetGCokRQAwhaLq4tDDozC,Copy of TMRF,https://sites.google.com/d/1NkaWu140IrXetGCokRQAwhaLq4tDDozC/edit,ssl.gstatic.com
1NkaWu140IrXetGCokRQAwhaLq4tDDozC,Copy of TMRF,https://sites.google.com/d/1NkaWu140IrXetGCokRQAwhaLq4tDDozC/edit,lh3.googleusercontent.com
1pgQOSJ-hcgCINcN1tFZ3SuvD5iJQQLy0,Portal,https://sites.google.com/d/1pgQOSJ-hcgCINcN1tFZ3SuvD5iJQQLy0/edit,support.google.com
1pgQOSJ-hcgCINcN1tFZ3SuvD5iJQQLy0,Portal,https://sites.google.com/d/1pgQOSJ-hcgCINcN1tFZ3SuvD5iJQQLy0/edit,accounts.google.com
1pgQOSJ-hcgCINcN1tFZ3SuvD5iJQQLy0,Portal,https://sites.google.com/d/1pgQOSJ-hcgCINcN1tFZ3SuvD5iJQQLy0/edit,ssl.gstatic.com
1pgQOSJ-hcgCINcN1tFZ3SuvD5iJQQLy0,Portal,https://sites.google.com/d/1pgQOSJ-hcgCINcN1tFZ3SuvD5iJQQLy0/edit,lh3.googleusercontent.com
1Vq_0wfLQdSAfXCK0LT_YLiz7gZZ_MHYp,Portal,https://sites.google.com/d/1Vq_0wfLQdSAfXCK0LT_YLiz7gZZ_MHYp/edit,support.google.com
1Vq_0wfLQdSAfXCK0LT_YLiz7gZZ_MHYp,Portal,https://sites.google.com/d/1Vq_0wfLQdSAfXCK0LT_YLiz7gZZ_MHYp/edit,accounts.google.com
1Vq_0wfLQdSAfXCK0LT_YLiz7gZZ_MHYp,Portal,https://sites.google.com/d/1Vq_0wfLQdSAfXCK0LT_YLiz7gZZ_MHYp/edit,ssl.gstatic.com
1Vq_0wfLQdSAfXCK0LT_YLiz7gZZ_MHYp,Portal,https://sites.google.com/d/1Vq_0wfLQdSAfXCK0LT_YLiz7gZZ_MHYp/edit,lh3.googleusercontent.com
1cggVlJK-g90G3glnkaLbCSWErbdKcyQi,OMNI Biomarker Development,https://sites.google.com/d/1cggVlJK-g90G3glnkaLbCSWErbdKcyQi/edit,support.google.com
1cggVlJK-g90G3glnkaLbCSWErbdKcyQi,OMNI Biomarker Development,https://sites.google.com/d/1cggVlJK-g90G3glnkaLbCSWErbdKcyQi/edit,accounts.google.com
1cggVlJK-g90G3glnkaLbCSWErbdKcyQi,OMNI Biomarker Development,https://sites.google.com/d/1cggVlJK-g90G3glnkaLbCSWErbdKcyQi/edit,ssl.gstatic.com
1cggVlJK-g90G3glnkaLbCSWErbdKcyQi,OMNI Biomarker Development,https://sites.google.com/d/1cggVlJK-g90G3glnkaLbCSWErbdKcyQi/edit,lh3.googleusercontent.com
1p0ZZFf5-xu2Kzo6WWh92PZ6CjD7qwcUK,CNCPractice — Converted from Classic Sites,https://sites.google.com/d/1p0ZZFf5-xu2Kzo6WWh92PZ6CjD7qwcUK/edit,support.google.com
1p0ZZFf5-xu2Kzo6WWh92PZ6CjD7qwcUK,CNCPractice — Converted from Classic Sites,https://sites.google.com/d/1p0ZZFf5-xu2Kzo6WWh92PZ6CjD7qwcUK/edit,accounts.google.com
1p0ZZFf5-xu2Kzo6WWh92PZ6CjD7qwcUK,CNCPractice — Converted from Classic Sites,https://sites.google.com/d/1p0ZZFf5-xu2Kzo6WWh92PZ6CjD7qwcUK/edit,ssl.gstatic.com
1p0ZZFf5-xu2Kzo6WWh92PZ6CjD7qwcUK,CNCPractice — Converted from Classic Sites,https://sites.google.com/d/1p0ZZFf5-xu2Kzo6WWh92PZ6CjD7qwcUK/edit,lh3.googleusercontent.com
1njlEzDgW6Lq6Diyc03pkZe4Ryh1JylqW,PKPD OPS (P2O) — Converted from Classic Sites,https://sites.google.com/d/1njlEzDgW6Lq6Diyc03pkZe4Ryh1JylqW/edit,support.google.com
1njlEzDgW6Lq6Diyc03pkZe4Ryh1JylqW,PKPD OPS (P2O) — Converted from Classic Sites,https://sites.google.com/d/1njlEzDgW6Lq6Diyc03pkZe4Ryh1JylqW/edit,accounts.google.com
1njlEzDgW6Lq6Diyc03pkZe4Ryh1JylqW,PKPD OPS (P2O) — Converted from Classic Sites,https://sites.google.com/d/1njlEzDgW6Lq6Diyc03pkZe4Ryh1JylqW/edit,ssl.gstatic.com
1njlEzDgW6Lq6Diyc03pkZe4Ryh1JylqW,PKPD OPS (P2O) — Converted from Classic Sites,https://sites.google.com/d/1njlEzDgW6Lq6Diyc03pkZe4Ryh1JylqW/edit,lh3.googleusercontent.com
1OhC2mHGojaP0wwtdg67Sibtzf4SVgeAc,PTPK Leadership Team — Converted from Classic Sites,https://sites.google.com/d/1OhC2mHGojaP0wwtdg67Sibtzf4SVgeAc/edit,support.google.com
1OhC2mHGojaP0wwtdg67Sibtzf4SVgeAc,PTPK Leadership Team — Converted from Classic Sites,https://sites.google.com/d/1OhC2mHGojaP0wwtdg67Sibtzf4SVgeAc/edit,accounts.google.com
1OhC2mHGojaP0wwtdg67Sibtzf4SVgeAc,PTPK Leadership Team — Converted from Classic Sites,https://sites.google.com/d/1OhC2mHGojaP0wwtdg67Sibtzf4SVgeAc/edit,ssl.gstatic.com
1OhC2mHGojaP0wwtdg67Sibtzf4SVgeAc,PTPK Leadership Team — Converted from Classic Sites,https://sites.google.com/d/1OhC2mHGojaP0wwtdg67Sibtzf4SVgeAc/edit,lh3.googleusercontent.com
1vSYkmQU79l9T0t2kBSlL-dQKgkcowr87,Preclinical &amp; Translational PKPD — Converted from Classic Sites,https://sites.google.com/d/1vSYkmQU79l9T0t2kBSlL-dQKgkcowr87/edit,support.google.com
1vSYkmQU79l9T0t2kBSlL-dQKgkcowr87,Preclinical &amp; Translational PKPD — Converted from Classic Sites,https://sites.google.com/d/1vSYkmQU79l9T0t2kBSlL-dQKgkcowr87/edit,accounts.google.com
1vSYkmQU79l9T0t2kBSlL-dQKgkcowr87,Preclinical &amp; Translational PKPD — Converted from Classic Sites,https://sites.google.com/d/1vSYkmQU79l9T0t2kBSlL-dQKgkcowr87/edit,ssl.gstatic.com
1vSYkmQU79l9T0t2kBSlL-dQKgkcowr87,Preclinical &amp; Translational PKPD — Converted from Classic Sites,https://sites.google.com/d/1vSYkmQU79l9T0t2kBSlL-dQKgkcowr87/edit,lh3.googleusercontent.com
1nJ8m87hCTZpH-3Ke1dZb8ACv0YXoyKEV,PTPK-OPHTHA — Converted from Classic Sites,https://sites.google.com/d/1nJ8m87hCTZpH-3Ke1dZb8ACv0YXoyKEV/edit,support.google.com
1nJ8m87hCTZpH-3Ke1dZb8ACv0YXoyKEV,PTPK-OPHTHA — Converted from Classic Sites,https://sites.google.com/d/1nJ8m87hCTZpH-3Ke1dZb8ACv0YXoyKEV/edit,accounts.google.com
1nJ8m87hCTZpH-3Ke1dZb8ACv0YXoyKEV,PTPK-OPHTHA — Converted from Classic Sites,https://sites.google.com/d/1nJ8m87hCTZpH-3Ke1dZb8ACv0YXoyKEV/edit,ssl.gstatic.com
1nJ8m87hCTZpH-3Ke1dZb8ACv0YXoyKEV,PTPK-OPHTHA — Converted from Classic Sites,https://sites.google.com/d/1nJ8m87hCTZpH-3Ke1dZb8ACv0YXoyKEV/edit,lh3.googleusercontent.com
1lmLmXD42lzV-yQZg-OOlTWjGmExiqObW,OMNI-BD Leadership Team — Converted from Classic Sites,https://sites.google.com/d/1lmLmXD42lzV-yQZg-OOlTWjGmExiqObW/edit,support.google.com
1lmLmXD42lzV-yQZg-OOlTWjGmExiqObW,OMNI-BD Leadership Team — Converted from Classic Sites,https://sites.google.com/d/1lmLmXD42lzV-yQZg-OOlTWjGmExiqObW/edit,accounts.google.com
1lmLmXD42lzV-yQZg-OOlTWjGmExiqObW,OMNI-BD Leadership Team — Converted from Classic Sites,https://sites.google.com/d/1lmLmXD42lzV-yQZg-OOlTWjGmExiqObW/edit,ssl.gstatic.com
1lmLmXD42lzV-yQZg-OOlTWjGmExiqObW,OMNI-BD Leadership Team — Converted from Classic Sites,https://sites.google.com/d/1lmLmXD42lzV-yQZg-OOlTWjGmExiqObW/edit,lh3.googleusercontent.com
1LsPnyjK51kaQSSBYhhmzgshAl1UV6xDY,PCV Working Group Team Site — Converted from Classic Sites,https://sites.google.com/d/1LsPnyjK51kaQSSBYhhmzgshAl1UV6xDY/edit,support.google.com
1LsPnyjK51kaQSSBYhhmzgshAl1UV6xDY,PCV Working Group Team Site — Converted from Classic Sites,https://sites.google.com/d/1LsPnyjK51kaQSSBYhhmzgshAl1UV6xDY/edit,accounts.google.com
1LsPnyjK51kaQSSBYhhmzgshAl1UV6xDY,PCV Working Group Team Site — Converted from Classic Sites,https://sites.google.com/d/1LsPnyjK51kaQSSBYhhmzgshAl1UV6xDY/edit,ssl.gstatic.com
1LsPnyjK51kaQSSBYhhmzgshAl1UV6xDY,PCV Working Group Team Site — Converted from Classic Sites,https://sites.google.com/d/1LsPnyjK51kaQSSBYhhmzgshAl1UV6xDY/edit,lh3.googleusercontent.com
12IctZRARYpH7GvjobRUEe_IFwCCXjmH1,ptpk — Converted from Classic Sites,https://sites.google.com/d/12IctZRARYpH7GvjobRUEe_IFwCCXjmH1/edit,support.google.com
12IctZRARYpH7GvjobRUEe_IFwCCXjmH1,ptpk — Converted from Classic Sites,https://sites.google.com/d/12IctZRARYpH7GvjobRUEe_IFwCCXjmH1/edit,accounts.google.com
12IctZRARYpH7GvjobRUEe_IFwCCXjmH1,ptpk — Converted from Classic Sites,https://sites.google.com/d/12IctZRARYpH7GvjobRUEe_IFwCCXjmH1/edit,ssl.gstatic.com
12IctZRARYpH7GvjobRUEe_IFwCCXjmH1,ptpk — Converted from Classic Sites,https://sites.google.com/d/12IctZRARYpH7GvjobRUEe_IFwCCXjmH1/edit,lh3.googleusercontent.com
1K_9eX4zQEeePnkQHT7Vj4jnvYHqJ4LG_,omnibd — Converted from Classic Sites,https://sites.google.com/d/1K_9eX4zQEeePnkQHT7Vj4jnvYHqJ4LG_/edit,support.google.com
1K_9eX4zQEeePnkQHT7Vj4jnvYHqJ4LG_,omnibd — Converted from Classic Sites,https://sites.google.com/d/1K_9eX4zQEeePnkQHT7Vj4jnvYHqJ4LG_/edit,accounts.google.com
1K_9eX4zQEeePnkQHT7Vj4jnvYHqJ4LG_,omnibd — Converted from Classic Sites,https://sites.google.com/d/1K_9eX4zQEeePnkQHT7Vj4jnvYHqJ4LG_/edit,ssl.gstatic.com
1K_9eX4zQEeePnkQHT7Vj4jnvYHqJ4LG_,omnibd — Converted from Classic Sites,https://sites.google.com/d/1K_9eX4zQEeePnkQHT7Vj4jnvYHqJ4LG_/edit,lh3.googleusercontent.com
11QkSls--Fy-jKX_UdkW5m4JRqu_y5EHP,Copy of Roche Template Light,https://sites.google.com/d/11QkSls--Fy-jKX_UdkW5m4JRqu_y5EHP/edit,support.google.com
11QkSls--Fy-jKX_UdkW5m4JRqu_y5EHP,Copy of Roche Template Light,https://sites.google.com/d/11QkSls--Fy-jKX_UdkW5m4JRqu_y5EHP/edit,accounts.google.com
11QkSls--Fy-jKX_UdkW5m4JRqu_y5EHP,Copy of Roche Template Light,https://sites.google.com/d/11QkSls--Fy-jKX_UdkW5m4JRqu_y5EHP/edit,ssl.gstatic.com
11QkSls--Fy-jKX_UdkW5m4JRqu_y5EHP,Copy of Roche Template Light,https://sites.google.com/d/11QkSls--Fy-jKX_UdkW5m4JRqu_y5EHP/edit,lh3.googleusercontent.com
1LScAdpaDzaakzXbw_mTPx0BFuRLGkzVb,Copy of Project Template,https://sites.google.com/d/1LScAdpaDzaakzXbw_mTPx0BFuRLGkzVb/edit,support.google.com
1LScAdpaDzaakzXbw_mTPx0BFuRLGkzVb,Copy of Project Template,https://sites.google.com/d/1LScAdpaDzaakzXbw_mTPx0BFuRLGkzVb/edit,accounts.google.com
1LScAdpaDzaakzXbw_mTPx0BFuRLGkzVb,Copy of Project Template,https://sites.google.com/d/1LScAdpaDzaakzXbw_mTPx0BFuRLGkzVb/edit,ssl.gstatic.com
1LScAdpaDzaakzXbw_mTPx0BFuRLGkzVb,Copy of Project Template,https://sites.google.com/d/1LScAdpaDzaakzXbw_mTPx0BFuRLGkzVb/edit,lh3.googleusercontent.com
1HW1O6Uqs8JVK18TQq7BP0WuzuwMWxdHY,Copy of Team Template,https://sites.google.com/d/1HW1O6Uqs8JVK18TQq7BP0WuzuwMWxdHY/edit,support.google.com
1HW1O6Uqs8JVK18TQq7BP0WuzuwMWxdHY,Copy of Team Template,https://sites.google.com/d/1HW1O6Uqs8JVK18TQq7BP0WuzuwMWxdHY/edit,accounts.google.com
1HW1O6Uqs8JVK18TQq7BP0WuzuwMWxdHY,Copy of Team Template,https://sites.google.com/d/1HW1O6Uqs8JVK18TQq7BP0WuzuwMWxdHY/edit,ssl.gstatic.com
1HW1O6Uqs8JVK18TQq7BP0WuzuwMWxdHY,Copy of Team Template,https://sites.google.com/d/1HW1O6Uqs8JVK18TQq7BP0WuzuwMWxdHY/edit,lh3.googleusercontent.com
1uPSC1sXWr_R_W6x2rnAdV7G9LoOjx8B6,omnibd — Converted from Classic Sites,https://sites.google.com/d/1uPSC1sXWr_R_W6x2rnAdV7G9LoOjx8B6/edit,support.google.com
1uPSC1sXWr_R_W6x2rnAdV7G9LoOjx8B6,omnibd — Converted from Classic Sites,https://sites.google.com/d/1uPSC1sXWr_R_W6x2rnAdV7G9LoOjx8B6/edit,accounts.google.com
1uPSC1sXWr_R_W6x2rnAdV7G9LoOjx8B6,omnibd — Converted from Classic Sites,https://sites.google.com/d/1uPSC1sXWr_R_W6x2rnAdV7G9LoOjx8B6/edit,ssl.gstatic.com
1uPSC1sXWr_R_W6x2rnAdV7G9LoOjx8B6,omnibd — Converted from Classic Sites,https://sites.google.com/d/1uPSC1sXWr_R_W6x2rnAdV7G9LoOjx8B6/edit,lh3.googleusercontent.com
1F71acglBlARqwhTqOUzKk5xkahQI9c0D,Project,https://sites.google.com/d/1F71acglBlARqwhTqOUzKk5xkahQI9c0D/edit,support.google.com
1F71acglBlARqwhTqOUzKk5xkahQI9c0D,Project,https://sites.google.com/d/1F71acglBlARqwhTqOUzKk5xkahQI9c0D/edit,accounts.google.com
1F71acglBlARqwhTqOUzKk5xkahQI9c0D,Project,https://sites.google.com/d/1F71acglBlARqwhTqOUzKk5xkahQI9c0D/edit,ssl.gstatic.com
1F71acglBlARqwhTqOUzKk5xkahQI9c0D,Project,https://sites.google.com/d/1F71acglBlARqwhTqOUzKk5xkahQI9c0D/edit,lh3.googleusercontent.com
1GazEUh5OAcscSiG6eAQ65uE_E049guiD,Event,https://sites.google.com/d/1GazEUh5OAcscSiG6eAQ65uE_E049guiD/edit,support.google.com
1GazEUh5OAcscSiG6eAQ65uE_E049guiD,Event,https://sites.google.com/d/1GazEUh5OAcscSiG6eAQ65uE_E049guiD/edit,accounts.google.com
1GazEUh5OAcscSiG6eAQ65uE_E049guiD,Event,https://sites.google.com/d/1GazEUh5OAcscSiG6eAQ65uE_E049guiD/edit,ssl.gstatic.com
1GazEUh5OAcscSiG6eAQ65uE_E049guiD,Event,https://sites.google.com/d/1GazEUh5OAcscSiG6eAQ65uE_E049guiD/edit,lh3.googleusercontent.com
1KErQu8Q-kNDgyz-wXNwtnUK5Yx1gRBf3,Project,https://sites.google.com/d/1KErQu8Q-kNDgyz-wXNwtnUK5Yx1gRBf3/edit,support.google.com
1KErQu8Q-kNDgyz-wXNwtnUK5Yx1gRBf3,Project,https://sites.google.com/d/1KErQu8Q-kNDgyz-wXNwtnUK5Yx1gRBf3/edit,accounts.google.com
1KErQu8Q-kNDgyz-wXNwtnUK5Yx1gRBf3,Project,https://sites.google.com/d/1KErQu8Q-kNDgyz-wXNwtnUK5Yx1gRBf3/edit,ssl.gstatic.com
1KErQu8Q-kNDgyz-wXNwtnUK5Yx1gRBf3,Project,https://sites.google.com/d/1KErQu8Q-kNDgyz-wXNwtnUK5Yx1gRBf3/edit,lh3.googleusercontent.com
1I2FdtznNfQNl4jcoL2PTHeaDzY4K0HcE,Event,https://sites.google.com/d/1I2FdtznNfQNl4jcoL2PTHeaDzY4K0HcE/edit,support.google.com
1I2FdtznNfQNl4jcoL2PTHeaDzY4K0HcE,Event,https://sites.google.com/d/1I2FdtznNfQNl4jcoL2PTHeaDzY4K0HcE/edit,accounts.google.com
1I2FdtznNfQNl4jcoL2PTHeaDzY4K0HcE,Event,https://sites.google.com/d/1I2FdtznNfQNl4jcoL2PTHeaDzY4K0HcE/edit,ssl.gstatic.com
1I2FdtznNfQNl4jcoL2PTHeaDzY4K0HcE,Event,https://sites.google.com/d/1I2FdtznNfQNl4jcoL2PTHeaDzY4K0HcE/edit,lh3.googleusercontent.com
1sDInVdL0X7GP-4kmxjDV54klhZF9-Q4b,Event,https://sites.google.com/d/1sDInVdL0X7GP-4kmxjDV54klhZF9-Q4b/edit,support.google.com
1sDInVdL0X7GP-4kmxjDV54klhZF9-Q4b,Event,https://sites.google.com/d/1sDInVdL0X7GP-4kmxjDV54klhZF9-Q4b/edit,accounts.google.com
1sDInVdL0X7GP-4kmxjDV54klhZF9-Q4b,Event,https://sites.google.com/d/1sDInVdL0X7GP-4kmxjDV54klhZF9-Q4b/edit,ssl.gstatic.com
1sDInVdL0X7GP-4kmxjDV54klhZF9-Q4b,Event,https://sites.google.com/d/1sDInVdL0X7GP-4kmxjDV54klhZF9-Q4b/edit,lh3.googleusercontent.com
1VmUuNxhW2C0VtrV85WB5TN41UUn6q7_p,Portfolio test page,https://sites.google.com/d/1VmUuNxhW2C0VtrV85WB5TN41UUn6q7_p/edit,support.google.com
1VmUuNxhW2C0VtrV85WB5TN41UUn6q7_p,Portfolio test page,https://sites.google.com/d/1VmUuNxhW2C0VtrV85WB5TN41UUn6q7_p/edit,accounts.google.com
1VmUuNxhW2C0VtrV85WB5TN41UUn6q7_p,Portfolio test page,https://sites.google.com/d/1VmUuNxhW2C0VtrV85WB5TN41UUn6q7_p/edit,ssl.gstatic.com
1VmUuNxhW2C0VtrV85WB5TN41UUn6q7_p,Portfolio test page,https://sites.google.com/d/1VmUuNxhW2C0VtrV85WB5TN41UUn6q7_p/edit,lh3.googleusercontent.com
1eW5eJCiAcw9NYmKVylIpxt3fiyTJZO-V,Event,https://sites.google.com/d/1eW5eJCiAcw9NYmKVylIpxt3fiyTJZO-V/edit,support.google.com
1eW5eJCiAcw9NYmKVylIpxt3fiyTJZO-V,Event,https://sites.google.com/d/1eW5eJCiAcw9NYmKVylIpxt3fiyTJZO-V/edit,accounts.google.com
1eW5eJCiAcw9NYmKVylIpxt3fiyTJZO-V,Event,https://sites.google.com/d/1eW5eJCiAcw9NYmKVylIpxt3fiyTJZO-V/edit,ssl.gstatic.com
1eW5eJCiAcw9NYmKVylIpxt3fiyTJZO-V,Event,https://sites.google.com/d/1eW5eJCiAcw9NYmKVylIpxt3fiyTJZO-V/edit,lh3.googleusercontent.com
1cW8kW_fYsCTFRD6Csl6JYVQQmkvNeQgq,Event,https://sites.google.com/d/1cW8kW_fYsCTFRD6Csl6JYVQQmkvNeQgq/edit,support.google.com
1cW8kW_fYsCTFRD6Csl6JYVQQmkvNeQgq,Event,https://sites.google.com/d/1cW8kW_fYsCTFRD6Csl6JYVQQmkvNeQgq/edit,accounts.google.com
1cW8kW_fYsCTFRD6Csl6JYVQQmkvNeQgq,Event,https://sites.google.com/d/1cW8kW_fYsCTFRD6Csl6JYVQQmkvNeQgq/edit,ssl.gstatic.com
1cW8kW_fYsCTFRD6Csl6JYVQQmkvNeQgq,Event,https://sites.google.com/d/1cW8kW_fYsCTFRD6Csl6JYVQQmkvNeQgq/edit,lh3.googleusercontent.com
1t2583gCgo8VhHzx-UP441yDk5MtjZR93,Event,https://sites.google.com/d/1t2583gCgo8VhHzx-UP441yDk5MtjZR93/edit,support.google.com
1t2583gCgo8VhHzx-UP441yDk5MtjZR93,Event,https://sites.google.com/d/1t2583gCgo8VhHzx-UP441yDk5MtjZR93/edit,accounts.google.com
1t2583gCgo8VhHzx-UP441yDk5MtjZR93,Event,https://sites.google.com/d/1t2583gCgo8VhHzx-UP441yDk5MtjZR93/edit,ssl.gstatic.com
1t2583gCgo8VhHzx-UP441yDk5MtjZR93,Event,https://sites.google.com/d/1t2583gCgo8VhHzx-UP441yDk5MtjZR93/edit,lh3.googleusercontent.com
1zqXiIrE6UpGwtcu7jtNSl8HysvyCJBuX,Project,https://sites.google.com/d/1zqXiIrE6UpGwtcu7jtNSl8HysvyCJBuX/edit,support.google.com
1zqXiIrE6UpGwtcu7jtNSl8HysvyCJBuX,Project,https://sites.google.com/d/1zqXiIrE6UpGwtcu7jtNSl8HysvyCJBuX/edit,accounts.google.com
1zqXiIrE6UpGwtcu7jtNSl8HysvyCJBuX,Project,https://sites.google.com/d/1zqXiIrE6UpGwtcu7jtNSl8HysvyCJBuX/edit,ssl.gstatic.com
1zqXiIrE6UpGwtcu7jtNSl8HysvyCJBuX,Project,https://sites.google.com/d/1zqXiIrE6UpGwtcu7jtNSl8HysvyCJBuX/edit,lh3.googleusercontent.com
15g9Xo4QB1C-2jCENJPgjFP_f_UE5MWKi,Roche Template,https://sites.google.com/d/15g9Xo4QB1C-2jCENJPgjFP_f_UE5MWKi/edit,support.google.com
15g9Xo4QB1C-2jCENJPgjFP_f_UE5MWKi,Roche Template,https://sites.google.com/d/15g9Xo4QB1C-2jCENJPgjFP_f_UE5MWKi/edit,accounts.google.com
15g9Xo4QB1C-2jCENJPgjFP_f_UE5MWKi,Roche Template,https://sites.google.com/d/15g9Xo4QB1C-2jCENJPgjFP_f_UE5MWKi/edit,ssl.gstatic.com
15g9Xo4QB1C-2jCENJPgjFP_f_UE5MWKi,Roche Template,https://sites.google.com/d/15g9Xo4QB1C-2jCENJPgjFP_f_UE5MWKi/edit,lh3.googleusercontent.com
1jtEtaOYAjz5pERogaHYJcFWbRSXG6rTu,"Copy of Redesign: DnA - January 15,  Latest",https://sites.google.com/d/1jtEtaOYAjz5pERogaHYJcFWbRSXG6rTu/edit,support.google.com
1jtEtaOYAjz5pERogaHYJcFWbRSXG6rTu,"Copy of Redesign: DnA - January 15,  Latest",https://sites.google.com/d/1jtEtaOYAjz5pERogaHYJcFWbRSXG6rTu/edit,accounts.google.com
1jtEtaOYAjz5pERogaHYJcFWbRSXG6rTu,"Copy of Redesign: DnA - January 15,  Latest",https://sites.google.com/d/1jtEtaOYAjz5pERogaHYJcFWbRSXG6rTu/edit,ssl.gstatic.com
1jtEtaOYAjz5pERogaHYJcFWbRSXG6rTu,"Copy of Redesign: DnA - January 15,  Latest",https://sites.google.com/d/1jtEtaOYAjz5pERogaHYJcFWbRSXG6rTu/edit,lh3.googleusercontent.com
1KZcX9kRk8k6L31oYhz_2B34xd3CS7yYV,AutoIT User Site — Converted from Classic Sites,https://sites.google.com/d/1KZcX9kRk8k6L31oYhz_2B34xd3CS7yYV/edit,support.google.com
1KZcX9kRk8k6L31oYhz_2B34xd3CS7yYV,AutoIT User Site — Converted from Classic Sites,https://sites.google.com/d/1KZcX9kRk8k6L31oYhz_2B34xd3CS7yYV/edit,accounts.google.com
1KZcX9kRk8k6L31oYhz_2B34xd3CS7yYV,AutoIT User Site — Converted from Classic Sites,https://sites.google.com/d/1KZcX9kRk8k6L31oYhz_2B34xd3CS7yYV/edit,ssl.gstatic.com
1KZcX9kRk8k6L31oYhz_2B34xd3CS7yYV,AutoIT User Site — Converted from Classic Sites,https://sites.google.com/d/1KZcX9kRk8k6L31oYhz_2B34xd3CS7yYV/edit,lh3.googleusercontent.com
1sg_D-IzmZk42HNWF79usUMssQ33MkSa7,BIV Medienwand,https://sites.google.com/d/1sg_D-IzmZk42HNWF79usUMssQ33MkSa7/edit,support.google.com
1sg_D-IzmZk42HNWF79usUMssQ33MkSa7,BIV Medienwand,https://sites.google.com/d/1sg_D-IzmZk42HNWF79usUMssQ33MkSa7/edit,accounts.google.com
1sg_D-IzmZk42HNWF79usUMssQ33MkSa7,BIV Medienwand,https://sites.google.com/d/1sg_D-IzmZk42HNWF79usUMssQ33MkSa7/edit,ssl.gstatic.com
1sg_D-IzmZk42HNWF79usUMssQ33MkSa7,BIV Medienwand,https://sites.google.com/d/1sg_D-IzmZk42HNWF79usUMssQ33MkSa7/edit,lh3.googleusercontent.com
1rZxLY_SMDmREBM8eNe1fdkYTORqMbxKs,Ticket Health Cycle,https://sites.google.com/d/1rZxLY_SMDmREBM8eNe1fdkYTORqMbxKs/edit,support.google.com
1rZxLY_SMDmREBM8eNe1fdkYTORqMbxKs,Ticket Health Cycle,https://sites.google.com/d/1rZxLY_SMDmREBM8eNe1fdkYTORqMbxKs/edit,accounts.google.com
1rZxLY_SMDmREBM8eNe1fdkYTORqMbxKs,Ticket Health Cycle,https://sites.google.com/d/1rZxLY_SMDmREBM8eNe1fdkYTORqMbxKs/edit,ssl.gstatic.com
1rZxLY_SMDmREBM8eNe1fdkYTORqMbxKs,Ticket Health Cycle,https://sites.google.com/d/1rZxLY_SMDmREBM8eNe1fdkYTORqMbxKs/edit,lh3.googleusercontent.com
1jmeNdv2bthr7BkXmupWOUcieKRS3bvMj,IS CAB,https://sites.google.com/d/1jmeNdv2bthr7BkXmupWOUcieKRS3bvMj/edit,support.google.com
1jmeNdv2bthr7BkXmupWOUcieKRS3bvMj,IS CAB,https://sites.google.com/d/1jmeNdv2bthr7BkXmupWOUcieKRS3bvMj/edit,accounts.google.com
1jmeNdv2bthr7BkXmupWOUcieKRS3bvMj,IS CAB,https://sites.google.com/d/1jmeNdv2bthr7BkXmupWOUcieKRS3bvMj/edit,ssl.gstatic.com
1jmeNdv2bthr7BkXmupWOUcieKRS3bvMj,IS CAB,https://sites.google.com/d/1jmeNdv2bthr7BkXmupWOUcieKRS3bvMj/edit,lh3.googleusercontent.com
1drMvWWO8KyMz6S5QPmFhwVp8lZAs-Gdb,GoodTicket Practices — Converted from Classic Sites,https://sites.google.com/d/1drMvWWO8KyMz6S5QPmFhwVp8lZAs-Gdb/edit,support.google.com
1drMvWWO8KyMz6S5QPmFhwVp8lZAs-Gdb,GoodTicket Practices — Converted from Classic Sites,https://sites.google.com/d/1drMvWWO8KyMz6S5QPmFhwVp8lZAs-Gdb/edit,accounts.google.com
1drMvWWO8KyMz6S5QPmFhwVp8lZAs-Gdb,GoodTicket Practices — Converted from Classic Sites,https://sites.google.com/d/1drMvWWO8KyMz6S5QPmFhwVp8lZAs-Gdb/edit,ssl.gstatic.com
1drMvWWO8KyMz6S5QPmFhwVp8lZAs-Gdb,GoodTicket Practices — Converted from Classic Sites,https://sites.google.com/d/1drMvWWO8KyMz6S5QPmFhwVp8lZAs-Gdb/edit,lh3.googleusercontent.com
1DBWX_V-PUbs2xsbEJWnnmN5-GeFxdzo-,RDCI US Finance Reporting,https://sites.google.com/d/1DBWX_V-PUbs2xsbEJWnnmN5-GeFxdzo-/edit,support.google.com
1DBWX_V-PUbs2xsbEJWnnmN5-GeFxdzo-,RDCI US Finance Reporting,https://sites.google.com/d/1DBWX_V-PUbs2xsbEJWnnmN5-GeFxdzo-/edit,accounts.google.com
1DBWX_V-PUbs2xsbEJWnnmN5-GeFxdzo-,RDCI US Finance Reporting,https://sites.google.com/d/1DBWX_V-PUbs2xsbEJWnnmN5-GeFxdzo-/edit,ssl.gstatic.com
1DBWX_V-PUbs2xsbEJWnnmN5-GeFxdzo-,RDCI US Finance Reporting,https://sites.google.com/d/1DBWX_V-PUbs2xsbEJWnnmN5-GeFxdzo-/edit,lh3.googleusercontent.com
1vFvTBNNBzj6MTpHQGrAeRjyAQhXgS040,Google Site test,https://sites.google.com/d/1vFvTBNNBzj6MTpHQGrAeRjyAQhXgS040/edit,support.google.com
1vFvTBNNBzj6MTpHQGrAeRjyAQhXgS040,Google Site test,https://sites.google.com/d/1vFvTBNNBzj6MTpHQGrAeRjyAQhXgS040/edit,accounts.google.com
1vFvTBNNBzj6MTpHQGrAeRjyAQhXgS040,Google Site test,https://sites.google.com/d/1vFvTBNNBzj6MTpHQGrAeRjyAQhXgS040/edit,ssl.gstatic.com
1vFvTBNNBzj6MTpHQGrAeRjyAQhXgS040,Google Site test,https://sites.google.com/d/1vFvTBNNBzj6MTpHQGrAeRjyAQhXgS040/edit,lh3.googleusercontent.com
