SiteId,SiteName,SiteUrl,PageUrl,PageTitle,Depth,InternalLinksDiscovered,EmbedCount,CrawlStatus
1cNxDDhIHOHFY-MhxfbZnKvDvq1j5O94q,Untitled Site,https://sites.google.com/d/1cNxDDhIHOHFY-MhxfbZnKvDvq1j5O94q/edit,https://sites.google.com/d/1cNxDDhIHOHFY-MhxfbZnKvDvq1j5O94q/edit,Google Drive: Sign-in,0,0,1,Success
1QGyEQRnnP3RxSPTwf9Zz3WuLXm546dQe,testone — Converted from Classic Sites,https://sites.google.com/d/1QGyEQRnnP3RxSPTwf9Zz3WuLXm546dQe/edit,https://sites.google.com/d/1QGyEQRnnP3RxSPTwf9Zz3WuLXm546dQe/edit,Google Drive: Sign-in,0,0,1,Success
1bFQEeicgkKYZBnKtESQrmty0aH8AKEjB,Roche Template,https://sites.google.com/d/1bFQEeicgkKYZBnKtESQrmty0aH8AKEjB/edit,https://sites.google.com/d/1bFQEeicgkKYZBnKtESQrmty0aH8AKEjB/edit,Google Drive: Sign-in,0,0,1,Success
1wWZ-bZMXIkZNIjdrLxB95D8DO6glKMRy,test_new_site1,https://sites.google.com/d/1wWZ-bZMXIkZNIjdrLxB95D8DO6glKMRy/edit,https://sites.google.com/d/1wWZ-bZMXIkZNIjdrLxB95D8DO6glKMRy/edit,Google Drive: Sign-in,0,0,1,Success
1nW0vcqy5JppqzgmmYBFpP2OzkHcw13tk,Untitled site,https://sites.google.com/d/1nW0vcqy5JppqzgmmYBFpP2OzkHcw13tk/edit,https://sites.google.com/d/1nW0vcqy5JppqzgmmYBFpP2OzkHcw13tk/edit,Google Drive: Sign-in,0,0,1,Success
1Jkr8wc6WJy_el_5SCEBacvEsw0Ahk1__,1a2s3d4f5g,https://sites.google.com/d/1Jkr8wc6WJy_el_5SCEBacvEsw0Ahk1__/edit,https://sites.google.com/d/1Jkr8wc6WJy_el_5SCEBacvEsw0Ahk1__/edit,Google Drive: Sign-in,0,0,1,Success
1qbTKoA-Ic3DcS7vQBHLRRzPi10cvZ0z9,Project,https://sites.google.com/d/1qbTKoA-Ic3DcS7vQBHLRRzPi10cvZ0z9/edit,https://sites.google.com/d/1qbTKoA-Ic3DcS7vQBHLRRzPi10cvZ0z9/edit,Google Drive: Sign-in,0,0,1,Success
1vqMWMhQNBQjcv0TJwxEvS-AM0rPIcCyd,test_site_Leno,https://sites.google.com/d/1vqMWMhQNBQjcv0TJwxEvS-AM0rPIcCyd/edit,https://sites.google.com/d/1vqMWMhQNBQjcv0TJwxEvS-AM0rPIcCyd/edit,Google Drive: Sign-in,0,0,1,Success
16p5UjAv-C9tFe3-clyX1eTrySajkY6s2,Untitled site,https://sites.google.com/d/16p5UjAv-C9tFe3-clyX1eTrySajkY6s2/edit,https://sites.google.com/d/16p5UjAv-C9tFe3-clyX1eTrySajkY6s2/edit,Google Drive: Sign-in,0,0,1,Success
1u4RSDypFBsYS-8SRXF9J7HideBFyoWz3,test 1000,https://sites.google.com/d/1u4RSDypFBsYS-8SRXF9J7HideBFyoWz3/edit,https://sites.google.com/d/1u4RSDypFBsYS-8SRXF9J7HideBFyoWz3/edit,Google Drive: Sign-in,0,0,1,Success
1S6gYmhawxcaI4CHH5Bjy6gZqYM1QNFY9,migra site,https://sites.google.com/d/1S6gYmhawxcaI4CHH5Bjy6gZqYM1QNFY9/edit,https://sites.google.com/d/1S6gYmhawxcaI4CHH5Bjy6gZqYM1QNFY9/edit,Google Drive: Sign-in,0,0,1,Success
1oxjUJjEqor9tmRp7PIQqdlwwHhgLpHg2,Copy of Roche Template,https://sites.google.com/d/1oxjUJjEqor9tmRp7PIQqdlwwHhgLpHg2/edit,https://sites.google.com/d/1oxjUJjEqor9tmRp7PIQqdlwwHhgLpHg2/edit,Google Drive: Sign-in,0,0,1,Success
1OWMDwh70yVe-th5cUfK7jwtH1jKxByXO,Roche Template,https://sites.google.com/d/1OWMDwh70yVe-th5cUfK7jwtH1jKxByXO/edit,https://sites.google.com/d/1OWMDwh70yVe-th5cUfK7jwtH1jKxByXO/edit,Google Drive: Sign-in,0,0,1,Success
1lXk3Ymt7BDFhGxgmg3Gw6vKjI2gI5npe,Test gSite for the GAM PROD assessment,https://sites.google.com/d/1lXk3Ymt7BDFhGxgmg3Gw6vKjI2gI5npe/edit,https://sites.google.com/d/1lXk3Ymt7BDFhGxgmg3Gw6vKjI2gI5npe/edit,Google Drive: Sign-in,0,0,1,Success
1rQwva6fQ8xk3-34jlSA-8dmHizIEfpVm,Help Center,https://sites.google.com/d/1rQwva6fQ8xk3-34jlSA-8dmHizIEfpVm/edit,https://sites.google.com/d/1rQwva6fQ8xk3-34jlSA-8dmHizIEfpVm/edit,Google Drive: Sign-in,0,0,1,Success
1cd00qAHSWCcM2jUTk5Tfv_IQpoObTgsX,Copy of ITO LT Operational Meeting,https://sites.google.com/d/1cd00qAHSWCcM2jUTk5Tfv_IQpoObTgsX/edit,https://sites.google.com/d/1cd00qAHSWCcM2jUTk5Tfv_IQpoObTgsX/edit,Google Drive: Sign-in,0,0,1,Success
1aJ_W44lVXpIYuFnE8BexhJeP5eMbsIIu,Portal,https://sites.google.com/d/1aJ_W44lVXpIYuFnE8BexhJeP5eMbsIIu/edit,https://sites.google.com/d/1aJ_W44lVXpIYuFnE8BexhJeP5eMbsIIu/edit,Google Drive: Sign-in,0,0,1,Success
1FO3SOFS18ww9j2zsGBCn5gOJQRm6mifC,Event,https://sites.google.com/d/1FO3SOFS18ww9j2zsGBCn5gOJQRm6mifC/edit,https://sites.google.com/d/1FO3SOFS18ww9j2zsGBCn5gOJQRm6mifC/edit,Google Drive: Sign-in,0,0,1,Success
1zqVbQrCCQAsarfawR5sAInsNHT7uPHCF,Untitled site,https://sites.google.com/d/1zqVbQrCCQAsarfawR5sAInsNHT7uPHCF/edit,https://sites.google.com/d/1zqVbQrCCQAsarfawR5sAInsNHT7uPHCF/edit,Google Drive: Sign-in,0,0,1,Success
1tYPnPTlXMuk2L-tiuGK58Drq9NGJZ7zp,Untitled Site,https://sites.google.com/d/1tYPnPTlXMuk2L-tiuGK58Drq9NGJZ7zp/edit,https://sites.google.com/d/1tYPnPTlXMuk2L-tiuGK58Drq9NGJZ7zp/edit,Google Drive: Sign-in,0,0,1,Success
1_XAcjt2Lv6NkfmMtnJlhH7yzgAaI-tNr,test site Juan,https://sites.google.com/d/1_XAcjt2Lv6NkfmMtnJlhH7yzgAaI-tNr/edit,https://sites.google.com/d/1_XAcjt2Lv6NkfmMtnJlhH7yzgAaI-tNr/edit,Google Drive: Sign-in,0,0,1,Success
1tfEv9-z4EKjSYs8rt5EC_8izgl0stejg,SMTP relay security enhancement,https://sites.google.com/d/1tfEv9-z4EKjSYs8rt5EC_8izgl0stejg/edit,https://sites.google.com/d/1tfEv9-z4EKjSYs8rt5EC_8izgl0stejg/edit,Google Drive: Sign-in,0,0,1,Success
14thQmzUnNSZLQeF0Q-y9njqnel_At0oA,Copy of testing new site loc,https://sites.google.com/d/14thQmzUnNSZLQeF0Q-y9njqnel_At0oA/edit,https://sites.google.com/d/14thQmzUnNSZLQeF0Q-y9njqnel_At0oA/edit,Google Drive: Sign-in,0,0,1,Success
1HCFVXtrKeoFi8nDt-nxN5fr7aVrf2JP6,testing new site loc,https://sites.google.com/d/1HCFVXtrKeoFi8nDt-nxN5fr7aVrf2JP6/edit,https://sites.google.com/d/1HCFVXtrKeoFi8nDt-nxN5fr7aVrf2JP6/edit,Google Drive: Sign-in,0,0,1,Success
1Xm-JdvtzHLSNtNZ7ZNg2hnwt0USiXE_q,tSquad Global,https://sites.google.com/d/1Xm-JdvtzHLSNtNZ7ZNg2hnwt0USiXE_q/edit,https://sites.google.com/d/1Xm-JdvtzHLSNtNZ7ZNg2hnwt0USiXE_q/edit,Google Drive: Sign-in,0,0,1,Success
12CCwYguSgmYIsLSoRldO-5GhGoF5p_Pp,Identity or Messaging,https://sites.google.com/d/12CCwYguSgmYIsLSoRldO-5GhGoF5p_Pp/edit,https://sites.google.com/d/12CCwYguSgmYIsLSoRldO-5GhGoF5p_Pp/edit,Google Drive: Sign-in,0,0,1,Success
1HFDvQYF-L2qK3EjDxFVGqzimDE5WtQeE,Test1,https://sites.google.com/d/1HFDvQYF-L2qK3EjDxFVGqzimDE5WtQeE/edit,https://sites.google.com/d/1HFDvQYF-L2qK3EjDxFVGqzimDE5WtQeE/edit,Google Drive: Sign-in,0,0,1,Success
1821RsAfgp82ikNWsWMERw9ndPXwzNUwS,Untitled site,https://sites.google.com/d/1821RsAfgp82ikNWsWMERw9ndPXwzNUwS/edit,https://sites.google.com/d/1821RsAfgp82ikNWsWMERw9ndPXwzNUwS/edit,Google Drive: Sign-in,0,0,1,Success
1kklJGzUlgX7CTn48myCnBxvg2eE4ruGJ,Google issues,https://sites.google.com/d/1kklJGzUlgX7CTn48myCnBxvg2eE4ruGJ/edit,https://sites.google.com/d/1kklJGzUlgX7CTn48myCnBxvg2eE4ruGJ/edit,Google Drive: Sign-in,0,0,1,Success
1kMqORkIZLuzZ9BQ_n1ASrWSdbI7pG8fL,DWO Managed Service,https://sites.google.com/d/1kMqORkIZLuzZ9BQ_n1ASrWSdbI7pG8fL/edit,https://sites.google.com/d/1kMqORkIZLuzZ9BQ_n1ASrWSdbI7pG8fL/edit,Google Drive: Sign-in,0,0,1,Success
1IQ1MNEJXYIbXMEGoBTkgiDlKhOKUxLyL,cloudm.roche.com,https://sites.google.com/d/1IQ1MNEJXYIbXMEGoBTkgiDlKhOKUxLyL/edit,https://sites.google.com/d/1IQ1MNEJXYIbXMEGoBTkgiDlKhOKUxLyL/edit,Google Drive: Sign-in,0,0,1,Success
1pN8xJKreJJcxbcw4UhlOKWd18GUvogGM,Open_Madrid,https://sites.google.com/d/1pN8xJKreJJcxbcw4UhlOKWd18GUvogGM/edit,https://sites.google.com/d/1pN8xJKreJJcxbcw4UhlOKWd18GUvogGM/edit,Google Drive: Sign-in,0,0,1,Success
1sjWkhnVkcyCzBsQa-GClLApr1EeVBDu7,GMC public tools,https://sites.google.com/d/1sjWkhnVkcyCzBsQa-GClLApr1EeVBDu7/edit,https://sites.google.com/d/1sjWkhnVkcyCzBsQa-GClLApr1EeVBDu7/edit,Google Drive: Sign-in,0,0,1,Success
1pS83LXSpB9gybcooY0i8LwnDOy7MsDeq,GMCBot,https://sites.google.com/d/1pS83LXSpB9gybcooY0i8LwnDOy7MsDeq/edit,https://sites.google.com/d/1pS83LXSpB9gybcooY0i8LwnDOy7MsDeq/edit,Google Drive: Sign-in,0,0,1,Success
1pRaDug4tNCH5eNnpx7npV0t0U0Zavwxt,MessagingPrototype0.1 — Converted from Classic Sites,https://sites.google.com/d/1pRaDug4tNCH5eNnpx7npV0t0U0Zavwxt/edit,https://sites.google.com/d/1pRaDug4tNCH5eNnpx7npV0t0U0Zavwxt/edit,Google Drive: Sign-in,0,0,1,Success
1FMxzh0Bf32DTxu4bMPf54kNmo0XFHjxb,testpushnotifiers,https://sites.google.com/d/1FMxzh0Bf32DTxu4bMPf54kNmo0XFHjxb/edit,https://sites.google.com/d/1FMxzh0Bf32DTxu4bMPf54kNmo0XFHjxb/edit,Google Drive: Sign-in,0,0,1,Success
1ghhRouKA2A2b2yazASdogDFjWPLp4qV2,Google Requests,https://sites.google.com/d/1ghhRouKA2A2b2yazASdogDFjWPLp4qV2/edit,https://sites.google.com/d/1ghhRouKA2A2b2yazASdogDFjWPLp4qV2/edit,Google Drive: Sign-in,0,0,1,Success
1YgwyRBk1dUEyfGDB5eYfBRc5cv2fJoBs,Untitled site,https://sites.google.com/d/1YgwyRBk1dUEyfGDB5eYfBRc5cv2fJoBs/edit,https://sites.google.com/d/1YgwyRBk1dUEyfGDB5eYfBRc5cv2fJoBs/edit,Google Drive: Sign-in,0,0,1,Success
1DmyjqecunNljgk5UDBoeQmcp7az-hmN7,Untitled site,https://sites.google.com/d/1DmyjqecunNljgk5UDBoeQmcp7az-hmN7/edit,https://sites.google.com/d/1DmyjqecunNljgk5UDBoeQmcp7az-hmN7/edit,Google Drive: Sign-in,0,0,1,Success
1RY8Djr0NVQ42h7sn7rpyUR_dJCYO9sOG,Gmail Best practices and Common errors,https://sites.google.com/d/1RY8Djr0NVQ42h7sn7rpyUR_dJCYO9sOG/edit,https://sites.google.com/d/1RY8Djr0NVQ42h7sn7rpyUR_dJCYO9sOG/edit,Google Drive: Sign-in,0,0,1,Success
1_J6bzHX0qN9JQQFk0S9kSQDCP3T7OYmU,test not shared,https://sites.google.com/d/1_J6bzHX0qN9JQQFk0S9kSQDCP3T7OYmU/edit,https://sites.google.com/d/1_J6bzHX0qN9JQQFk0S9kSQDCP3T7OYmU/edit,Google Drive: Sign-in,0,0,1,Success
1Fv9dassf3JU2Jf7zRT0oApdSI9ZFRVQM,"Messaging, Realtime & Web conferencing Releases — Converted from Classic Sites",https://sites.google.com/d/1Fv9dassf3JU2Jf7zRT0oApdSI9ZFRVQM/edit,https://sites.google.com/d/1Fv9dassf3JU2Jf7zRT0oApdSI9ZFRVQM/edit,Google Drive: Sign-in,0,0,1,Success
1rvJHO3hpqVWTNvlZquWRstLAACRAy26E,Boost Your Talent,https://sites.google.com/d/1rvJHO3hpqVWTNvlZquWRstLAACRAy26E/edit,https://sites.google.com/d/1rvJHO3hpqVWTNvlZquWRstLAACRAy26E/edit,Google Drive: Sign-in,0,0,1,Success
1usWcyZHBMzl7hjHEcFg9De0H4a5tImzb,Test New Sites Fernando,https://sites.google.com/d/1usWcyZHBMzl7hjHEcFg9De0H4a5tImzb/edit,https://sites.google.com/d/1usWcyZHBMzl7hjHEcFg9De0H4a5tImzb/edit,Google Drive: Sign-in,0,0,1,Success
1NYrddo5DHf9MACaQ7gF-YP3yKr7a7G4m,Test para convertir a nuevo gsites — Converted from Classic Sites,https://sites.google.com/d/1NYrddo5DHf9MACaQ7gF-YP3yKr7a7G4m/edit,https://sites.google.com/d/1NYrddo5DHf9MACaQ7gF-YP3yKr7a7G4m/edit,Google Drive: Sign-in,0,0,1,Success
1Mrj-t_XnnHXAVABFR0dnGICrwifnoMK9,Copy of DME site,https://sites.google.com/d/1Mrj-t_XnnHXAVABFR0dnGICrwifnoMK9/edit,https://sites.google.com/d/1Mrj-t_XnnHXAVABFR0dnGICrwifnoMK9/edit,Google Drive: Sign-in,0,0,1,Success
1qL_D0qQMy-qmEikW0rIe_fKss6ClEyJP,Copy of Informatics Campus,https://sites.google.com/d/1qL_D0qQMy-qmEikW0rIe_fKss6ClEyJP/edit,https://sites.google.com/d/1qL_D0qQMy-qmEikW0rIe_fKss6ClEyJP/edit,Google Drive: Sign-in,0,0,1,Success
1EBRyipto9CBZ42b3eat7GTe5VRrMU37-,asdfasite,https://sites.google.com/d/1EBRyipto9CBZ42b3eat7GTe5VRrMU37-/edit,https://sites.google.com/d/1EBRyipto9CBZ42b3eat7GTe5VRrMU37-/edit,Google Drive: Sign-in,0,0,1,Success
1wmusANhQYxTl7zpASD5kml63rBcCfpva,Drag & Drop - solution presentation,https://sites.google.com/d/1wmusANhQYxTl7zpASD5kml63rBcCfpva/edit,https://sites.google.com/d/1wmusANhQYxTl7zpASD5kml63rBcCfpva/edit,Google Drive: Sign-in,0,0,1,Success
17yjYlnomW0KNA7yOtziLyt1U6OEnaLKG,"G Suite Factory | Collection of ""Notebooks""",https://sites.google.com/d/17yjYlnomW0KNA7yOtziLyt1U6OEnaLKG/edit,https://sites.google.com/d/17yjYlnomW0KNA7yOtziLyt1U6OEnaLKG/edit,Google Drive: Sign-in,0,0,1,Success
1OiQSCw61gZh1PZqlslzaX179nAbnRWoV,Project,https://sites.google.com/d/1OiQSCw61gZh1PZqlslzaX179nAbnRWoV/edit,https://sites.google.com/d/1OiQSCw61gZh1PZqlslzaX179nAbnRWoV/edit,Google Drive: Sign-in,0,0,1,Success
1JEnHIzt7fse2c_-nK51rXW4In4nB_U-W,Project,https://sites.google.com/d/1JEnHIzt7fse2c_-nK51rXW4In4nB_U-W/edit,https://sites.google.com/d/1JEnHIzt7fse2c_-nK51rXW4In4nB_U-W/edit,Google Drive: Sign-in,0,0,1,Success
1CRW6zH9C31o7lF11kLo-bnXg5CvV9cok,CHANEL MARKETING STATUS REPORT,https://sites.google.com/d/1CRW6zH9C31o7lF11kLo-bnXg5CvV9cok/edit,https://sites.google.com/d/1CRW6zH9C31o7lF11kLo-bnXg5CvV9cok/edit,Google Drive: Sign-in,0,0,1,Success
1w9EAyjqAPYG8pr9aiANYWOONN_YMDQz8,Untitled site,https://sites.google.com/d/1w9EAyjqAPYG8pr9aiANYWOONN_YMDQz8/edit,https://sites.google.com/d/1w9EAyjqAPYG8pr9aiANYWOONN_YMDQz8/edit,Google Drive: Sign-in,0,0,1,Success
1c4ezggTZ7AQm43JMJ4tgOGPBG3iV4VE2,Untitled site,https://sites.google.com/d/1c4ezggTZ7AQm43JMJ4tgOGPBG3iV4VE2/edit,https://sites.google.com/d/1c4ezggTZ7AQm43JMJ4tgOGPBG3iV4VE2/edit,Google Drive: Sign-in,0,0,1,Success
15XCJl_eC_Mm6h4YTamLtKoLucLv4V4y7,Example,https://sites.google.com/d/15XCJl_eC_Mm6h4YTamLtKoLucLv4V4y7/edit,https://sites.google.com/d/15XCJl_eC_Mm6h4YTamLtKoLucLv4V4y7/edit,Google Drive: Sign-in,0,0,1,Success
1vdVjjPqnJ0nAh5XBBQU55RH9K6uNYLBX,Event1,https://sites.google.com/d/1vdVjjPqnJ0nAh5XBBQU55RH9K6uNYLBX/edit,https://sites.google.com/d/1vdVjjPqnJ0nAh5XBBQU55RH9K6uNYLBX/edit,Google Drive: Sign-in,0,0,1,Success
14W_Dqb1yTC_1zAns31reT7V-3pcbFV-m,Untitled site,https://sites.google.com/d/14W_Dqb1yTC_1zAns31reT7V-3pcbFV-m/edit,https://sites.google.com/d/14W_Dqb1yTC_1zAns31reT7V-3pcbFV-m/edit,Google Drive: Sign-in,0,0,1,Success
1nSSyHX7o8X_D7xjhBmLt5FNdP1bWd9Ha,Untitled site,https://sites.google.com/d/1nSSyHX7o8X_D7xjhBmLt5FNdP1bWd9Ha/edit,https://sites.google.com/d/1nSSyHX7o8X_D7xjhBmLt5FNdP1bWd9Ha/edit,Google Drive: Sign-in,0,0,1,Success
1txW1QlAongQJpysZHyz-aD8n7HWXjoQP,Untitled site,https://sites.google.com/d/1txW1QlAongQJpysZHyz-aD8n7HWXjoQP/edit,https://sites.google.com/d/1txW1QlAongQJpysZHyz-aD8n7HWXjoQP/edit,Google Drive: Sign-in,0,0,1,Success
1ZNK2NOq2xAa7M9oAHDHhaq_jUSq4Mk2L,Domain-Wide Delegation Access,https://sites.google.com/d/1ZNK2NOq2xAa7M9oAHDHhaq_jUSq4Mk2L/edit,https://sites.google.com/d/1ZNK2NOq2xAa7M9oAHDHhaq_jUSq4Mk2L/edit,Google Drive: Sign-in,0,0,1,Success
1cfrPZaatAAGDgGtVsOFwHZnn9hpm_K6N,Untitled site,https://sites.google.com/d/1cfrPZaatAAGDgGtVsOFwHZnn9hpm_K6N/edit,https://sites.google.com/d/1cfrPZaatAAGDgGtVsOFwHZnn9hpm_K6N/edit,Google Drive: Sign-in,0,0,1,Success
1253HeW7L6f7hhwYOOwU_OqpWAmgkcT0I,Untitled site,https://sites.google.com/d/1253HeW7L6f7hhwYOOwU_OqpWAmgkcT0I/edit,https://sites.google.com/d/1253HeW7L6f7hhwYOOwU_OqpWAmgkcT0I/edit,Google Drive: Sign-in,0,0,1,Success
1fHES-LMlGFlhr_An1AyhZTWNWHVZRxaF,Untitled site,https://sites.google.com/d/1fHES-LMlGFlhr_An1AyhZTWNWHVZRxaF/edit,https://sites.google.com/d/1fHES-LMlGFlhr_An1AyhZTWNWHVZRxaF/edit,Google Drive: Sign-in,0,0,1,Success
12Wb2FhGJe8x-SwEdzkaXatydtO4lGBBT,Untitled site,https://sites.google.com/d/12Wb2FhGJe8x-SwEdzkaXatydtO4lGBBT/edit,https://sites.google.com/d/12Wb2FhGJe8x-SwEdzkaXatydtO4lGBBT/edit,Google Drive: Sign-in,0,0,1,Success
1PP2_01qIAscuHGwZkG9YOIY8cr0KTEPa,Untitled site,https://sites.google.com/d/1PP2_01qIAscuHGwZkG9YOIY8cr0KTEPa/edit,https://sites.google.com/d/1PP2_01qIAscuHGwZkG9YOIY8cr0KTEPa/edit,Google Drive: Sign-in,0,0,1,Success
1INZof1MHbyaVkjpT2AbMX2-hu_HbQmeu,Untitled site,https://sites.google.com/d/1INZof1MHbyaVkjpT2AbMX2-hu_HbQmeu/edit,https://sites.google.com/d/1INZof1MHbyaVkjpT2AbMX2-hu_HbQmeu/edit,Google Drive: Sign-in,0,0,1,Success
1-05PIEpwNoBBvv66E2lsjti6iMhY1nyR,Copy of Copy of Collaboration Suite,https://sites.google.com/d/1-05PIEpwNoBBvv66E2lsjti6iMhY1nyR/edit,https://sites.google.com/d/1-05PIEpwNoBBvv66E2lsjti6iMhY1nyR/edit,Google Drive: Sign-in,0,0,1,Success
1mbZoT_2ytNyvhZkzTyzfuiWMXfg8nHRM,Untitled site,https://sites.google.com/d/1mbZoT_2ytNyvhZkzTyzfuiWMXfg8nHRM/edit,https://sites.google.com/d/1mbZoT_2ytNyvhZkzTyzfuiWMXfg8nHRM/edit,Google Drive: Sign-in,0,0,1,Success
13VY8oBWqSvNxq2ISTqjh-SuaJ5LIRnLJ,Untitled site,https://sites.google.com/d/13VY8oBWqSvNxq2ISTqjh-SuaJ5LIRnLJ/edit,https://sites.google.com/d/13VY8oBWqSvNxq2ISTqjh-SuaJ5LIRnLJ/edit,Google Drive: Sign-in,0,0,1,Success
1IwO2lYTbQ139ubxKlENHnlwriaV_VTd-,Paco Test Site,https://sites.google.com/d/1IwO2lYTbQ139ubxKlENHnlwriaV_VTd-/edit,https://sites.google.com/d/1IwO2lYTbQ139ubxKlENHnlwriaV_VTd-/edit,Google Drive: Sign-in,0,0,1,Success
1o-cyf6cm37PVbM-yvF-q3jXa_W4zQyOK,DME site,https://sites.google.com/d/1o-cyf6cm37PVbM-yvF-q3jXa_W4zQyOK/edit,https://sites.google.com/d/1o-cyf6cm37PVbM-yvF-q3jXa_W4zQyOK/edit,Google Drive: Sign-in,0,0,1,Success
1etBOHM8uZTIBczgRuo9iRJbokN03ukg6,Untitled site,https://sites.google.com/d/1etBOHM8uZTIBczgRuo9iRJbokN03ukg6/edit,https://sites.google.com/d/1etBOHM8uZTIBczgRuo9iRJbokN03ukg6/edit,Google Drive: Sign-in,0,0,1,Success
1gqumSZ_5gRjfVP0e90p1yzq2WbdJpkKA,Test,https://sites.google.com/d/1gqumSZ_5gRjfVP0e90p1yzq2WbdJpkKA/edit,https://sites.google.com/d/1gqumSZ_5gRjfVP0e90p1yzq2WbdJpkKA/edit,Google Drive: Sign-in,0,0,1,Success
1BJtPGiy8Eauuyl4WD02jOS1RC6KvZ1db,Project,https://sites.google.com/d/1BJtPGiy8Eauuyl4WD02jOS1RC6KvZ1db/edit,https://sites.google.com/d/1BJtPGiy8Eauuyl4WD02jOS1RC6KvZ1db/edit,Google Drive: Sign-in,0,0,1,Success
1D4G-ZHHBJSig-Qd10BBIMC6HP8x3W4RN,Help centre,https://sites.google.com/d/1D4G-ZHHBJSig-Qd10BBIMC6HP8x3W4RN/edit,https://sites.google.com/d/1D4G-ZHHBJSig-Qd10BBIMC6HP8x3W4RN/edit,Google Drive: Sign-in,0,0,1,Success
1mAaR_DoyZyr5NXDtgiiIPHXEnRVIaVyg,targ IFNa iMab,https://sites.google.com/d/1mAaR_DoyZyr5NXDtgiiIPHXEnRVIaVyg/edit,https://sites.google.com/d/1mAaR_DoyZyr5NXDtgiiIPHXEnRVIaVyg/edit,Google Drive: Sign-in,0,0,1,Success
1WSEYFAet8mLQCt4YFaA7e1IjhY8iXN7u,emea-crm-frontend — Converted from Classic Sites,https://sites.google.com/d/1WSEYFAet8mLQCt4YFaA7e1IjhY8iXN7u/edit,https://sites.google.com/d/1WSEYFAet8mLQCt4YFaA7e1IjhY8iXN7u/edit,Google Drive: Sign-in,0,0,1,Success
1U8mMU3Ux3-hGhWdcYEjnXVlKAA83J0Lo,Simplifi Learning Journey,https://sites.google.com/d/1U8mMU3Ux3-hGhWdcYEjnXVlKAA83J0Lo/edit,https://sites.google.com/d/1U8mMU3Ux3-hGhWdcYEjnXVlKAA83J0Lo/edit,Google Drive: Sign-in,0,0,1,Success
1UwIw3473VGhywZ-Ihpgkcgs-iNsJ6B1h,Roche Template,https://sites.google.com/d/1UwIw3473VGhywZ-Ihpgkcgs-iNsJ6B1h/edit,https://sites.google.com/d/1UwIw3473VGhywZ-Ihpgkcgs-iNsJ6B1h/edit,Google Drive: Sign-in,0,0,1,Success
1F5Al_DxZjA8TLuPnO1UXk3f0pvziT1Up,Untitled site,https://sites.google.com/d/1F5Al_DxZjA8TLuPnO1UXk3f0pvziT1Up/edit,https://sites.google.com/d/1F5Al_DxZjA8TLuPnO1UXk3f0pvziT1Up/edit,Google Drive: Sign-in,0,0,1,Success
1s52lpzSk-9_WuvKS2Ln6SEXnq2IZ6w7s,Project,https://sites.google.com/d/1s52lpzSk-9_WuvKS2Ln6SEXnq2IZ6w7s/edit,https://sites.google.com/d/1s52lpzSk-9_WuvKS2Ln6SEXnq2IZ6w7s/edit,Google Drive: Sign-in,0,0,1,Success
1KPHMkA4c3WCBRcUvWu7nIGIKFgulvE41,Izzati Test,https://sites.google.com/d/1KPHMkA4c3WCBRcUvWu7nIGIKFgulvE41/edit,https://sites.google.com/d/1KPHMkA4c3WCBRcUvWu7nIGIKFgulvE41/edit,Google Drive: Sign-in,0,0,1,Success
1-WtDvj7KNeMxof8GosyG474Fh-UAfqCM,Untitled site,https://sites.google.com/d/1-WtDvj7KNeMxof8GosyG474Fh-UAfqCM/edit,https://sites.google.com/d/1-WtDvj7KNeMxof8GosyG474Fh-UAfqCM/edit,Google Drive: Sign-in,0,0,1,Success
1hL8WE4M3TZCkPs5RfhxA4BOGR6m_oIV_,iKnow Informatics SNow SPM,https://sites.google.com/d/1hL8WE4M3TZCkPs5RfhxA4BOGR6m_oIV_/edit,https://sites.google.com/d/1hL8WE4M3TZCkPs5RfhxA4BOGR6m_oIV_/edit,Google Drive: Sign-in,0,0,1,Success
1gn3SGnMIlsE6TY9tNY4lCUjVTd7r6wFu,Transparency Goal  — Converted from Classic Sites,https://sites.google.com/d/1gn3SGnMIlsE6TY9tNY4lCUjVTd7r6wFu/edit,https://sites.google.com/d/1gn3SGnMIlsE6TY9tNY4lCUjVTd7r6wFu/edit,Google Drive: Sign-in,0,0,1,Success
1sCgVauOUfel_qle6LmfAWjQBdFV5yTAy,Help Center,https://sites.google.com/d/1sCgVauOUfel_qle6LmfAWjQBdFV5yTAy/edit,https://sites.google.com/d/1sCgVauOUfel_qle6LmfAWjQBdFV5yTAy/edit,Google Drive: Sign-in,0,0,1,Success
1uLdz58_-km-DtaiLkPJv02iDPIpXATyA,TM Priorities & Operating Model,https://sites.google.com/d/1uLdz58_-km-DtaiLkPJv02iDPIpXATyA/edit,https://sites.google.com/d/1uLdz58_-km-DtaiLkPJv02iDPIpXATyA/edit,Google Drive: Sign-in,0,0,1,Success
11LxujM24rZJoDdXG1aGX75_YNEAqcNyF,Help Center,https://sites.google.com/d/11LxujM24rZJoDdXG1aGX75_YNEAqcNyF/edit,https://sites.google.com/d/11LxujM24rZJoDdXG1aGX75_YNEAqcNyF/edit,Google Drive: Sign-in,0,0,1,Success
15fH-GTDEXVzVyBLiSvw4RbbARMsJhcvM,Portal,https://sites.google.com/d/15fH-GTDEXVzVyBLiSvw4RbbARMsJhcvM/edit,https://sites.google.com/d/15fH-GTDEXVzVyBLiSvw4RbbARMsJhcvM/edit,Google Drive: Sign-in,0,0,1,Success
1Qn7gRFq-UkjUyuTgp7fwxH_ywVDGhpwt,Portal,https://sites.google.com/d/1Qn7gRFq-UkjUyuTgp7fwxH_ywVDGhpwt/edit,https://sites.google.com/d/1Qn7gRFq-UkjUyuTgp7fwxH_ywVDGhpwt/edit,Google Drive: Sign-in,0,0,1,Success
1NkaWu140IrXetGCokRQAwhaLq4tDDozC,Copy of TMRF,https://sites.google.com/d/1NkaWu140IrXetGCokRQAwhaLq4tDDozC/edit,https://sites.google.com/d/1NkaWu140IrXetGCokRQAwhaLq4tDDozC/edit,Google Drive: Sign-in,0,0,1,Success
1pgQOSJ-hcgCINcN1tFZ3SuvD5iJQQLy0,Portal,https://sites.google.com/d/1pgQOSJ-hcgCINcN1tFZ3SuvD5iJQQLy0/edit,https://sites.google.com/d/1pgQOSJ-hcgCINcN1tFZ3SuvD5iJQQLy0/edit,Google Drive: Sign-in,0,0,1,Success
1Vq_0wfLQdSAfXCK0LT_YLiz7gZZ_MHYp,Portal,https://sites.google.com/d/1Vq_0wfLQdSAfXCK0LT_YLiz7gZZ_MHYp/edit,https://sites.google.com/d/1Vq_0wfLQdSAfXCK0LT_YLiz7gZZ_MHYp/edit,Google Drive: Sign-in,0,0,1,Success
1cggVlJK-g90G3glnkaLbCSWErbdKcyQi,OMNI Biomarker Development,https://sites.google.com/d/1cggVlJK-g90G3glnkaLbCSWErbdKcyQi/edit,https://sites.google.com/d/1cggVlJK-g90G3glnkaLbCSWErbdKcyQi/edit,Google Drive: Sign-in,0,0,1,Success
1p0ZZFf5-xu2Kzo6WWh92PZ6CjD7qwcUK,CNCPractice — Converted from Classic Sites,https://sites.google.com/d/1p0ZZFf5-xu2Kzo6WWh92PZ6CjD7qwcUK/edit,https://sites.google.com/d/1p0ZZFf5-xu2Kzo6WWh92PZ6CjD7qwcUK/edit,Google Drive: Sign-in,0,0,1,Success
1njlEzDgW6Lq6Diyc03pkZe4Ryh1JylqW,PKPD OPS (P2O) — Converted from Classic Sites,https://sites.google.com/d/1njlEzDgW6Lq6Diyc03pkZe4Ryh1JylqW/edit,https://sites.google.com/d/1njlEzDgW6Lq6Diyc03pkZe4Ryh1JylqW/edit,Google Drive: Sign-in,0,0,1,Success
1OhC2mHGojaP0wwtdg67Sibtzf4SVgeAc,PTPK Leadership Team — Converted from Classic Sites,https://sites.google.com/d/1OhC2mHGojaP0wwtdg67Sibtzf4SVgeAc/edit,https://sites.google.com/d/1OhC2mHGojaP0wwtdg67Sibtzf4SVgeAc/edit,Google Drive: Sign-in,0,0,1,Success
1vSYkmQU79l9T0t2kBSlL-dQKgkcowr87,Preclinical &amp; Translational PKPD — Converted from Classic Sites,https://sites.google.com/d/1vSYkmQU79l9T0t2kBSlL-dQKgkcowr87/edit,https://sites.google.com/d/1vSYkmQU79l9T0t2kBSlL-dQKgkcowr87/edit,Google Drive: Sign-in,0,0,1,Success
1nJ8m87hCTZpH-3Ke1dZb8ACv0YXoyKEV,PTPK-OPHTHA — Converted from Classic Sites,https://sites.google.com/d/1nJ8m87hCTZpH-3Ke1dZb8ACv0YXoyKEV/edit,https://sites.google.com/d/1nJ8m87hCTZpH-3Ke1dZb8ACv0YXoyKEV/edit,Google Drive: Sign-in,0,0,1,Success
1lmLmXD42lzV-yQZg-OOlTWjGmExiqObW,OMNI-BD Leadership Team — Converted from Classic Sites,https://sites.google.com/d/1lmLmXD42lzV-yQZg-OOlTWjGmExiqObW/edit,https://sites.google.com/d/1lmLmXD42lzV-yQZg-OOlTWjGmExiqObW/edit,Google Drive: Sign-in,0,0,1,Success
1LsPnyjK51kaQSSBYhhmzgshAl1UV6xDY,PCV Working Group Team Site — Converted from Classic Sites,https://sites.google.com/d/1LsPnyjK51kaQSSBYhhmzgshAl1UV6xDY/edit,https://sites.google.com/d/1LsPnyjK51kaQSSBYhhmzgshAl1UV6xDY/edit,Google Drive: Sign-in,0,0,1,Success
12IctZRARYpH7GvjobRUEe_IFwCCXjmH1,ptpk — Converted from Classic Sites,https://sites.google.com/d/12IctZRARYpH7GvjobRUEe_IFwCCXjmH1/edit,https://sites.google.com/d/12IctZRARYpH7GvjobRUEe_IFwCCXjmH1/edit,Google Drive: Sign-in,0,0,1,Success
1K_9eX4zQEeePnkQHT7Vj4jnvYHqJ4LG_,omnibd — Converted from Classic Sites,https://sites.google.com/d/1K_9eX4zQEeePnkQHT7Vj4jnvYHqJ4LG_/edit,https://sites.google.com/d/1K_9eX4zQEeePnkQHT7Vj4jnvYHqJ4LG_/edit,Google Drive: Sign-in,0,0,1,Success
11QkSls--Fy-jKX_UdkW5m4JRqu_y5EHP,Copy of Roche Template Light,https://sites.google.com/d/11QkSls--Fy-jKX_UdkW5m4JRqu_y5EHP/edit,https://sites.google.com/d/11QkSls--Fy-jKX_UdkW5m4JRqu_y5EHP/edit,Google Drive: Sign-in,0,0,1,Success
1LScAdpaDzaakzXbw_mTPx0BFuRLGkzVb,Copy of Project Template,https://sites.google.com/d/1LScAdpaDzaakzXbw_mTPx0BFuRLGkzVb/edit,https://sites.google.com/d/1LScAdpaDzaakzXbw_mTPx0BFuRLGkzVb/edit,Google Drive: Sign-in,0,0,1,Success
1HW1O6Uqs8JVK18TQq7BP0WuzuwMWxdHY,Copy of Team Template,https://sites.google.com/d/1HW1O6Uqs8JVK18TQq7BP0WuzuwMWxdHY/edit,https://sites.google.com/d/1HW1O6Uqs8JVK18TQq7BP0WuzuwMWxdHY/edit,Google Drive: Sign-in,0,0,1,Success
1uPSC1sXWr_R_W6x2rnAdV7G9LoOjx8B6,omnibd — Converted from Classic Sites,https://sites.google.com/d/1uPSC1sXWr_R_W6x2rnAdV7G9LoOjx8B6/edit,https://sites.google.com/d/1uPSC1sXWr_R_W6x2rnAdV7G9LoOjx8B6/edit,Google Drive: Sign-in,0,0,1,Success
1F71acglBlARqwhTqOUzKk5xkahQI9c0D,Project,https://sites.google.com/d/1F71acglBlARqwhTqOUzKk5xkahQI9c0D/edit,https://sites.google.com/d/1F71acglBlARqwhTqOUzKk5xkahQI9c0D/edit,Google Drive: Sign-in,0,0,1,Success
1GazEUh5OAcscSiG6eAQ65uE_E049guiD,Event,https://sites.google.com/d/1GazEUh5OAcscSiG6eAQ65uE_E049guiD/edit,https://sites.google.com/d/1GazEUh5OAcscSiG6eAQ65uE_E049guiD/edit,Google Drive: Sign-in,0,0,1,Success
1KErQu8Q-kNDgyz-wXNwtnUK5Yx1gRBf3,Project,https://sites.google.com/d/1KErQu8Q-kNDgyz-wXNwtnUK5Yx1gRBf3/edit,https://sites.google.com/d/1KErQu8Q-kNDgyz-wXNwtnUK5Yx1gRBf3/edit,Google Drive: Sign-in,0,0,1,Success
1I2FdtznNfQNl4jcoL2PTHeaDzY4K0HcE,Event,https://sites.google.com/d/1I2FdtznNfQNl4jcoL2PTHeaDzY4K0HcE/edit,https://sites.google.com/d/1I2FdtznNfQNl4jcoL2PTHeaDzY4K0HcE/edit,Google Drive: Sign-in,0,0,1,Success
1sDInVdL0X7GP-4kmxjDV54klhZF9-Q4b,Event,https://sites.google.com/d/1sDInVdL0X7GP-4kmxjDV54klhZF9-Q4b/edit,https://sites.google.com/d/1sDInVdL0X7GP-4kmxjDV54klhZF9-Q4b/edit,Google Drive: Sign-in,0,0,1,Success
1VmUuNxhW2C0VtrV85WB5TN41UUn6q7_p,Portfolio test page,https://sites.google.com/d/1VmUuNxhW2C0VtrV85WB5TN41UUn6q7_p/edit,https://sites.google.com/d/1VmUuNxhW2C0VtrV85WB5TN41UUn6q7_p/edit,Google Drive: Sign-in,0,0,1,Success
1eW5eJCiAcw9NYmKVylIpxt3fiyTJZO-V,Event,https://sites.google.com/d/1eW5eJCiAcw9NYmKVylIpxt3fiyTJZO-V/edit,https://sites.google.com/d/1eW5eJCiAcw9NYmKVylIpxt3fiyTJZO-V/edit,Google Drive: Sign-in,0,0,1,Success
1cW8kW_fYsCTFRD6Csl6JYVQQmkvNeQgq,Event,https://sites.google.com/d/1cW8kW_fYsCTFRD6Csl6JYVQQmkvNeQgq/edit,https://sites.google.com/d/1cW8kW_fYsCTFRD6Csl6JYVQQmkvNeQgq/edit,Google Drive: Sign-in,0,0,1,Success
1t2583gCgo8VhHzx-UP441yDk5MtjZR93,Event,https://sites.google.com/d/1t2583gCgo8VhHzx-UP441yDk5MtjZR93/edit,https://sites.google.com/d/1t2583gCgo8VhHzx-UP441yDk5MtjZR93/edit,Google Drive: Sign-in,0,0,1,Success
1zqXiIrE6UpGwtcu7jtNSl8HysvyCJBuX,Project,https://sites.google.com/d/1zqXiIrE6UpGwtcu7jtNSl8HysvyCJBuX/edit,https://sites.google.com/d/1zqXiIrE6UpGwtcu7jtNSl8HysvyCJBuX/edit,Google Drive: Sign-in,0,0,1,Success
15g9Xo4QB1C-2jCENJPgjFP_f_UE5MWKi,Roche Template,https://sites.google.com/d/15g9Xo4QB1C-2jCENJPgjFP_f_UE5MWKi/edit,https://sites.google.com/d/15g9Xo4QB1C-2jCENJPgjFP_f_UE5MWKi/edit,Google Drive: Sign-in,0,0,1,Success
1jtEtaOYAjz5pERogaHYJcFWbRSXG6rTu,"Copy of Redesign: DnA - January 15,  Latest",https://sites.google.com/d/1jtEtaOYAjz5pERogaHYJcFWbRSXG6rTu/edit,https://sites.google.com/d/1jtEtaOYAjz5pERogaHYJcFWbRSXG6rTu/edit,Google Drive: Sign-in,0,0,1,Success
1KZcX9kRk8k6L31oYhz_2B34xd3CS7yYV,AutoIT User Site — Converted from Classic Sites,https://sites.google.com/d/1KZcX9kRk8k6L31oYhz_2B34xd3CS7yYV/edit,https://sites.google.com/d/1KZcX9kRk8k6L31oYhz_2B34xd3CS7yYV/edit,Google Drive: Sign-in,0,0,1,Success
1sg_D-IzmZk42HNWF79usUMssQ33MkSa7,BIV Medienwand,https://sites.google.com/d/1sg_D-IzmZk42HNWF79usUMssQ33MkSa7/edit,https://sites.google.com/d/1sg_D-IzmZk42HNWF79usUMssQ33MkSa7/edit,Google Drive: Sign-in,0,0,1,Success
1rZxLY_SMDmREBM8eNe1fdkYTORqMbxKs,Ticket Health Cycle,https://sites.google.com/d/1rZxLY_SMDmREBM8eNe1fdkYTORqMbxKs/edit,https://sites.google.com/d/1rZxLY_SMDmREBM8eNe1fdkYTORqMbxKs/edit,Google Drive: Sign-in,0,0,1,Success
1jmeNdv2bthr7BkXmupWOUcieKRS3bvMj,IS CAB,https://sites.google.com/d/1jmeNdv2bthr7BkXmupWOUcieKRS3bvMj/edit,https://sites.google.com/d/1jmeNdv2bthr7BkXmupWOUcieKRS3bvMj/edit,Google Drive: Sign-in,0,0,1,Success
1drMvWWO8KyMz6S5QPmFhwVp8lZAs-Gdb,GoodTicket Practices — Converted from Classic Sites,https://sites.google.com/d/1drMvWWO8KyMz6S5QPmFhwVp8lZAs-Gdb/edit,https://sites.google.com/d/1drMvWWO8KyMz6S5QPmFhwVp8lZAs-Gdb/edit,Google Drive: Sign-in,0,0,1,Success
1DBWX_V-PUbs2xsbEJWnnmN5-GeFxdzo-,RDCI US Finance Reporting,https://sites.google.com/d/1DBWX_V-PUbs2xsbEJWnnmN5-GeFxdzo-/edit,https://sites.google.com/d/1DBWX_V-PUbs2xsbEJWnnmN5-GeFxdzo-/edit,Google Drive: Sign-in,0,0,1,Success
1vFvTBNNBzj6MTpHQGrAeRjyAQhXgS040,Google Site test,https://sites.google.com/d/1vFvTBNNBzj6MTpHQGrAeRjyAQhXgS040/edit,https://sites.google.com/d/1vFvTBNNBzj6MTpHQGrAeRjyAQhXgS040/edit,Google Drive: Sign-in,0,0,1,Success
